appid,name,favorability,critic_score,protonDB_rating,personal_interest,completion,favorability_weighted,critic_score_weighted,protonDB_rating_weighted,personal_interest_weighted,completion_weighted,final_score
70,Half-Life,0.9641773969702586,1,1,1,0.044949136503430326,0.4097753937123599,0.325,-1,0.15,0.004494913650343033,0.889270307362703
220,Half-Life 2,0.9754927107616691,1,1,1,0.22848601323937648,0.41458440207370933,0.325,-1,0.15,0.02284860132393765,0.912433003397647
320,Half-Life 2: Deathmatch,0.9031403843844278,1,1,1,0.0,0.3838346633633818,0.325,-1,0.15,0.0,0.8588346633633818
360,Half-Life Deathmatch: Source,0.743639707274973,1,1,1,0.0,0.3160468755918635,0.325,-1,0.15,0.0,0.7910468755918635
400,Portal,0.9846976185027404,1,1,1,0.6412698412698413,0.41849648786366467,0.325,-1,0.15,0.06412698412698413,0.9576234719906489
440,Team Fortress 2,0.9089224810565403,1,1,1,0.004086694287083227,0.3862920544490296,0.325,-1,0.15,0.0004086694287083227,0.8617007238777379
620,Portal 2,0.9867177503700605,1,1,1,1,0.4193550439072757,0.325,-1,0.15,0.1,0.9943550439072757
1500,Darwinia,0.7785903599707718,1,1,1,0.0,0.33090090298757796,0.325,-1,0.15,0.0,0.805900902987578
1510,Uplink,0.8959796056972907,1,0.9,1,0.0,0.38079133242134855,0.325,-1,0.15,0.0,0.7702121991792137
1520,DEFCON,0.8639496244778021,1,0.75,1,0.0,0.3671785904030659,0.325,-1,0.15,0.0,0.6316339428022995
1523,DEFCON Beta Demo,0,1,0,1,0,0.0,0.325,-1,0.15,0.0,0.0
1530,Multiwinia,0.7851376372794464,1,1,1,0.0,0.3336834958437647,0.325,-1,0.15,0.0,0.8086834958437648
2600,Vampire: The Masquerade - Bloodlines,0.941004254767227,1,1,1,0.023253110103476336,0.39992680827607147,0.325,-1,0.15,0.002325311010347634,0.8772521192864191
2800,X2: The Threat,0.7948609006505806,1,1,1,0.0,0.3378158827764967,0.325,-1,0.15,0.0,0.8128158827764967
2810,X3: Reunion,0.6860676476301363,1,0.9,1,0.0114778979320812,0.29157875024280794,0.325,-1,0.15,0.00114778979320812,0.6909538860324145
2820,X3: Terran Conflict,0.8407066315284425,1,0.9,1,0.0,0.35730031839958803,0.325,-1,0.15,0.0,0.7490702865596293
2840,X: Beyond the Frontier,0.7033846827459371,1,0.9,1,0.002288748512313467,0.2989384901670233,0.325,-1,0.15,0.0002288748512313467,0.6967506285164292
2850,X-Tension,0.6988179784559733,1,0.9,1,0.0,0.29699764084378866,0.325,-1,0.15,0.0,0.6947978767594097
3830,Psychonauts,0.9462627553422284,1,0.9,1,0.0,0.40216167102044703,0.325,-1,0.15,0.0,0.7894455039184024
4000,Garry's Mod,0.9682889087563863,1,0.9,1,0.0,0.41152278622146415,0.325,-1,0.15,0.0,0.7978705075993178
4540,Titan Quest,0.8434179322496592,1,1,1,0,0.35845262120610516,0.325,-1,0.15,0.0,0.8334526212061052
4560,Company of Heroes - Legacy Edition,0.9274402585860595,1,0.9,1,0.0,0.3941621098990753,0.325,-1,0.15,0.0,0.7822458989091677
4570,"Warhammer 40,000: Dawn of War - Anniversary Edition ",0.942066246078078,1,1,1,0.0,0.40037815458318315,0.325,-1,0.15,0.0,0.8753781545831832
4580,"Warhammer 40,000: Dawn of War - Dark Crusade",0.9590136758191293,1,0.9,1,0,0.40758081222313,0.325,-1,0.15,0.0,0.7943227310008171
4920,Natural Selection 2,0.8446249272922384,1,1,1,0.0,0.3589655940992013,0.325,-1,0.15,0.0,0.8339655940992013
6020,STAR WARS™ Jedi Knight: Jedi Academy™,0.956672789308016,1,0.9,1,0.03807850029291154,0.4065859354559068,0.325,-1,0.15,0.003807850029291154,0.7968544069366783
6030,STAR WARS™ Jedi Knight II: Jedi Outcast™,0.9028365290793166,1,1,1,0.0,0.3837055248587095,0.325,-1,0.15,0.0,0.8587055248587095
6120,Shank,0.8936228768974442,1,1,1,0.0,0.3797897226814138,0.325,-1,0.15,0.0,0.8547897226814138
6910,Deus Ex: Game of the Year Edition,0.9444805702572783,1,1,1,0.543945199117613,0.40140424235934324,0.325,-1,0.15,0.0543945199117613,0.9307987622711046
6980,Thief: Deadly Shadows,0.7932075001414277,1,1,1,0.0,0.3371131875601068,0.325,-1,0.15,0.0,0.8121131875601068
7000,Tomb Raider: Legend,0.8658214187939243,1,1,1,0.0,0.3679741029874178,0.325,-1,0.15,0.0,0.8429741029874178
7610,Railroad Tycoon 3,0.7516705495509718,1,1,1,0.0,0.319459983559163,0.325,-1,0.15,0.0,0.794459983559163
8000,Tomb Raider: Anniversary,0.8070503440128376,1,1,1,0.025219298245614037,0.34299639620545597,0.325,-1,0.15,0.002521929824561404,0.8205183260300175
8140,Tomb Raider: Underworld,0.7544975254098222,1,0.9,1,0.0,0.3206614482991744,0.325,-1,0.15,0.0,0.7160953034692571
8190,Just Cause 2,0.9031996502201177,1,0.9,1,0.0,0.38385985134355,0.325,-1,0.15,0.0,0.7729738662091951
8340,Strong Bad Episode 1: Homestar Ruiner,0.9044645705856753,1,0.9,1,0.0,0.384397442498912,0.325,-1,0.15,0.0,0.7734576982490209
8350,Strong Bad Episode 2: Strong Badia the Free,0.7712040772176841,1,1,1,0.0,0.32776173281751575,0.325,-1,0.15,0.0,0.8027617328175157
8360,Strong Bad Episode 3: Baddest of the Bands,0.6803916324485767,1,1,1,0.0,0.2891664437906451,0.325,-1,0.15,0.0,0.7641664437906451
8370,Strong Bad Episode 4: Dangeresque 3,0.7283255295714138,1,0.9,1,0.0,0.30953835006785085,0.325,-1,0.15,0.0,0.7060845150610658
8380,Strong Bad Episode 5: 8-Bit Is Enough,0.7177558259368491,1,0.9,1,0.0,0.30504622602316084,0.325,-1,0.15,0.0,0.7020416034208448
8870,BioShock Infinite,0.9335206158570218,1,1,1,1,0.3967462617392343,0.325,-1,0.15,0.1,0.9717462617392343
8880,Freedom Force,0.5270666136263232,1,1,1,0.0,0.22400331079118738,0.325,-1,0.15,0.0,0.6990033107911874
8890,Freedom Force vs. the 3rd Reich,0.8154011724008583,1,0.75,1,0.0,0.3465454982703648,0.325,-1,0.15,0.0,0.6161591237027736
8930,Sid Meier's Civilization V,0.9550343112834124,1,0.9,1,0.14516172470442487,0.40588958229545025,0.325,-1,0.15,0.014516172470442488,0.8058651792893035
8980,Borderlands GOTY,0.893885625412175,1,0.9,1,1,0.3799013908001744,0.325,-1,0.15,0.1,0.859411251720157
9310,"Warhammer 40,000: Dawn of War - Winter Assault",0.866680465588388,1,1,1,0.0,0.36833919787506486,0.325,-1,0.15,0.0,0.843339197875065
9340,Company of Heroes: Opposing Fronts,0.9013147735649658,1,1,1,0.0,0.38305877876511046,0.325,-1,0.15,0.0,0.8580587787651105
9450,"Warhammer 40,000: Dawn of War - Soulstorm",0.9465117096117786,1,1,1,0.0,0.4022674765850059,0.325,-1,0.15,0.0,0.8772674765850059
10150,Prototype,0.7967196392082575,1,1,1,0.2181818181818182,0.3386058466635094,0.325,-1,0.15,0.02181818181818182,0.8354240284816913
11450,Overlord,0.9293440372322379,1,0.9,1,0.0,0.3949712158237011,0.325,-1,0.15,0.0,0.782974094241331
12900,Audiosurf,0.9530048122968764,1,0.9,1,0.2236770321876705,0.40502704522617244,0.325,-1,0.15,0.02236770321876705,0.8121552736004456
15100,Assassin's Creed,0.8017391105056174,1,1,1,1,0.34073912196488737,0.325,-1,0.15,0.1,0.9157391219648874
15620,"Warhammer 40,000: Dawn of War II - Anniversary Edition",0.8721456121169854,1,1,1,0.2724795640326976,0.37066188514971876,0.325,-1,0.15,0.027247956403269758,0.8729098415529885
16450,F.E.A.R. 2: Project Origin,0.840413465344038,1,1,1,0.21431305013394564,0.3571757227712162,0.325,-1,0.15,0.021431305013394564,0.8536070277846107
17020,Global Agenda,0.8245664878321459,1,0.75,1,0.04734591876674796,0.35044075732866203,0.325,-1,0.15,0.004734591876674796,0.6226315119040027
17410,Mirror's Edge,0.8737736736315835,1,1,1,0.0,0.371353811293423,0.325,-1,0.15,0.0,0.846353811293423
17460,Mass Effect (2007),0.9325078810573579,1,1,1,0.026502830984218767,0.3963158494493771,0.325,-1,0.15,0.002650283098421877,0.873966132547799
17470,Dead Space (2008),0.9153758248961218,1,1,1,0.015491866769945779,0.3890347255808517,0.325,-1,0.15,0.001549186676994578,0.8655839122578463
18000,"On the Rain-Slick Precipice of Darkness, Episode One",0.8585579534083129,1,1,1,0.0,0.36488713019853297,0.325,-1,0.15,0.0,0.839887130198533
18020,"On the Rain-Slick Precipice of Darkness, Episode Two",0.7939430617334484,1,1,1,0.0,0.33742580123671556,0.325,-1,0.15,0.0,0.8124258012367156
18700,And Yet It Moves,0.6768879393506403,1,1,1,0.0,0.2876773742240221,0.325,-1,0.15,0.0,0.7626773742240222
19980,Prince of Persia,0.7746261205402607,1,0.9,1,0.011761938367442954,0.3292161012296108,0.325,-1,0.15,0.0011761938367442955,0.7248530655597196
20540,Company of Heroes: Tales of Valor,0.9147651040593625,1,0.9,1,0.0,0.38877516922522903,0.325,-1,0.15,0.0,0.7773976523027061
20570,"Warhammer 40,000: Dawn of War II - Chaos Rising",0.8985983413319754,1,0.75,1,0.0,0.3819042950660895,0.325,-1,0.15,0.0,0.6426782212995672
20920,The Witcher 2: Assassins of Kings Enhanced Edition,0.8975688121068639,1,1,1,0,0.3814667451454172,0.325,-1,0.15,0.0,0.8564667451454172
21000,LEGO® Batman™: The Videogame,0.890180722536482,1,0.9,1,0.0,0.3783268070780048,0.325,-1,0.15,0.0,0.7679941263702044
21090,F.E.A.R.,0.9333813405417137,1,1,1,0.0,0.3966870697302283,0.325,-1,0.15,0.0,0.8716870697302284
21100,F.E.A.R. 3,0.6996917869335967,1,1,1,0.0,0.2973690094467786,0.325,-1,0.15,0.0,0.7723690094467787
21110,F.E.A.R.: Extraction Point,0.8552893633100598,1,0.75,1,0,0.3634979794067754,0.325,-1,0.15,0.0,0.6288734845550815
21120,F.E.A.R.: Perseus Mandate,0.8434711746174999,1,0.9,1,0.0,0.35847524921243745,0.325,-1,0.15,0.0,0.7501277242911937
21130,LEGO® Harry Potter: Years 1-4,0.8640894889362735,1,0.9,1,0.019201228878648235,0.3672380327979162,0.325,-1,0.15,0.0019201228878648236,0.759742340117203
22000,World of Goo,0.9383610563028758,1,1,1,0.0,0.3988034489287222,0.325,-1,0.15,0.0,0.8738034489287222
22320,The Elder Scrolls III: Morrowind,0.9501039929471945,1,1,1,0.010159697748991968,0.40379419700255764,0.325,-1,0.15,0.001015969774899197,0.8798101667774568
22330,The Elder Scrolls IV: Oblivion Game of the Year Edition (2009),0.9485021594687372,1,1,1,0.906394846413701,0.4031134177742133,0.325,-1,0.15,0.09063948464137012,0.9687529024155834
22380,Fallout: New Vegas,0.9591784908899552,1,1,1,1,0.40765085862823097,0.325,-1,0.15,0.1,0.982650858628231
22600,Worms Reloaded,0.8630839225746681,1,1,1,0.047046120623168285,0.36681066709423393,0.325,-1,0.15,0.004704612062316829,0.8465152791565508
24980,Mass Effect 2 (2010),0.937051540565018,1,0.9,1,1,0.39824690474013263,0.325,-1,0.15,0.1,0.8759222142661194
26500,Cogs,0.8607685695133782,1,0,1,0.0,0.3658266420431857,0.325,-1,0.15,0.0,0.0
26800,Braid,0.9270305169160004,1,0.9,1,0.0,0.39398796968930017,0.325,-1,0.15,0.0,0.7820891727203703
26900,Crayon Physics Deluxe,0.839432865879542,1,1,1,0.07092198581560284,0.35675896799880535,0.325,-1,0.15,0.007092198581560284,0.8388511665803657
27000,The Path,0.7625815000951188,1,0.75,1,0.02961082910321489,0.3240971375404255,0.325,-1,0.15,0.002961082910321489,0.6015436653380603
28050,Deus Ex: Human Revolution,0.9910758911162194,1,0.9,1,1,0.4212072537243932,0.325,-1,0.15,0.1,0.896586528351954
29180,Osmos,0.8415245831042271,1,1,1,0.0,0.3576479478192965,0.325,-1,0.15,0.0,0.8326479478192965
31220,Sam & Max 301: The Penal Zone,0.8740384790017479,1,0.9,1,0,0.37146635357574287,0.325,-1,0.15,0.0,0.7618197182181686
31230,Sam & Max 302: The Tomb of Sammun-Mak,0.7857180674970731,1,1,1,0,0.333930178686256,0.325,-1,0.15,0.0,0.808930178686256
31240,Sam & Max 303: They Stole Max's Brain!,0.8251276663627339,1,1,1,0,0.3506792582041619,0.325,-1,0.15,0.0,0.825679258204162
31250,Sam & Max 304: Beyond the Alley of the Dolls,0.8050790434713212,1,1,1,0,0.3421585934753115,0.325,-1,0.15,0.0,0.8171585934753115
31260,Sam & Max 305: The City that Dares not Sleep,0.8407538217792032,1,1,1,0,0.35732037425616137,0.325,-1,0.15,0.0,0.8323203742561615
31270,Puzzle Agent,0.8791748751188835,1,1,1,0.0,0.37364932192552547,0.325,-1,0.15,0.0,0.8486493219255254
31280,Poker Night at the Inventory (2010 Original Version),0.8936042766557184,1,1,1,0.0,0.3797818175786803,0.325,-1,0.15,0.0,0.8547818175786803
31290,Back to the Future: Ep 1 - It's About Time,0.8697485342551835,1,1,1,0.0,0.369643127058453,0.325,-1,0.15,0.0,0.844643127058453
32370,STAR WARS™ Knights of the Old Republic™,0.9079697388368475,1,0.9,1,0.04603044389754808,0.3858871390056602,0.325,-1,0.15,0.004603044389754808,0.7789411650558735
32380,STAR WARS™ Jedi Knight: Dark Forces II,0.7913874023157343,1,1,1,0.0,0.3363396459841871,0.325,-1,0.15,0.0,0.8113396459841872
32390,STAR WARS™ Jedi Knight: Mysteries of the Sith™,0.6338440452512399,1,1,1,0.0,0.26938371923177695,0.325,-1,0.15,0.0,0.7443837192317769
32400,STAR WARS™: Dark Forces,0.874806922716309,1,1,1,0.018080210387902692,0.3717929421544313,0.325,-1,0.15,0.0018080210387902693,0.8486009631932216
32440,LEGO® Star Wars™: The Complete Saga,0.964891955048606,1,1,1,0.1815323041738136,0.41007908089565753,0.325,-1,0.15,0.01815323041738136,0.9032323113130389
32510,LEGO® Star Wars™ III: The Clone Wars™,0.9430488985853372,1,0.9,1,0.0,0.4007957818987683,0.325,-1,0.15,0.0,0.7882162037088916
32800,The Lord of the Rings: War in the North,0.8078922761461506,1,1,1,1,0.34335421736211397,0.325,-1,0.15,0.1,0.918354217362114
33220,Tom Clancy's Splinter Cell: Conviction,0.7100271413945282,1,1,1,0,0.30176153509267445,0.325,-1,0.15,0.0,0.7767615350926745
33230,Assassin's Creed II,0.892007358747667,1,1,1,0.30871284602627885,0.3791031274677585,0.325,-1,0.15,0.030871284602627887,0.8849744120703864
33320,Prince of Persia: The Forgotten Sands,0.6900529834893574,1,1,1,0.0,0.2932725179829769,0.325,-1,0.15,0.0,0.7682725179829769
35140,Batman: Arkham Asylum GOTY Edition,0.9620184678470971,1,1,1,0.4314204314204314,0.40885784883501625,0.325,-1,0.15,0.043142043142043146,0.9269998919770595
35720,Trine 2,0.9497860270672894,1,1,1,0.6686798964624676,0.403659061503598,0.325,-1,0.15,0.06686798964624677,0.9455270511498447
38700,Toki Tori,0.8637119550298339,1,1,1,1,0.3670775808876794,0.325,-1,0.15,0.1,0.9420775808876793
38740,EDGE,0.9074664241524834,1,1,1,0.0,0.38567323026480543,0.325,-1,0.15,0.0,0.8606732302648055
40300,Risen,0.8823379731430966,1,1,1,0.0,0.374993638585816,0.325,-1,0.15,0.0,0.8499936385858161
40800,Super Meat Boy,0.9401801455844859,1,1,1,0.015567765567765568,0.3995765618734065,0.325,-1,0.15,0.0015567765567765569,0.8761333384301832
41070,Serious Sam 3: BFE,0.8782444690211699,1,0.9,1,0.0,0.3732538993339972,0.325,-1,0.15,0.0,0.7634285094005976
41100,Hammerfight,0.7101554631762785,1,0.9,1,0.0,0.3018160718499184,0.325,-1,0.15,0.0,0.6991344646649266
41500,Torchlight,0.9000120725690313,1,1,1,0.0,0.3825051308418383,0.325,-1,0.15,0.0,0.8575051308418383
41800,Gratuitous Space Battles,0.6723991584556075,1,0.5,1,0.5903866248693835,0.28576964234363317,0.325,-1,0.15,0.059038662486938356,0.40990415241528577
41900,The Bard's Tale,0.7283580828798182,1,0.75,1,0,0.3095521852239227,0.325,-1,0.15,0.0,0.588414138917942
42910,Magicka,0.8502306485432188,1,0.9,1,0.28102564102564104,0.361348025630868,0.325,-1,0.15,0.028102564102564107,0.7780055307600889
43110,Metro 2033,0.9234207623181446,1,1,1,0.06904170118751726,0.39245382398521145,0.325,-1,0.15,0.006904170118751727,0.8743579941039633
43160,Metro: Last Light Complete Edition,0.9334538545548069,1,0.9,1,0,0.3967178881857929,0.325,-1,0.15,0.0,0.7845460993672136
47780,Dead Space 2,0.9370155411912835,1,1,1,0.08260869565217391,0.39823160500629545,0.325,-1,0.15,0.00826086956521739,0.8814924745715129
48000,LIMBO,0.9205415239310547,1,1,1,0.0,0.39123014767069825,0.325,-1,0.15,0.0,0.8662301476706983
48190,Assassin's Creed Brotherhood,0.8801480387805547,1,0.9,1,0.0,0.37406291648173573,0.325,-1,0.15,0.0,0.7641566248335622
48950,Greed Corp,0.8303098972832443,1,1,1,0.0,0.35288170634537885,0.325,-1,0.15,0.0,0.8278817063453788
49470,Magic: The Gathering — Duels of the Planeswalkers 2012,0.8566028112886147,1,0.9,1,0.08462211847096585,0.3640561947976612,0.325,-1,0.15,0.008462211847096585,0.7627665659802821
49520,Borderlands 2,0.8938686928579213,1,1,1,1,0.37989419446461653,0.325,-1,0.15,0.1,0.9548941944646165
49600,Beat Hazard,0.9408137389828345,1,1,1,0.04809013465237703,0.39984583906770466,0.325,-1,0.15,0.004809013465237703,0.8796548525329423
50130,Mafia II (Classic),0.936726387729896,1,1,1,0.0,0.3981087147852058,0.325,-1,0.15,0.0,0.8731087147852058
50300,Spec Ops: The Line,0.9317611126580778,1,1,1,0.0,0.39599847287968304,0.325,-1,0.15,0.0,0.870998472879683
50620,Darksiders,0.8857398432184025,1,0.9,1,0.0,0.37643943336782104,0.325,-1,0.15,0.0,0.766295490031039
55110,Red Faction: Armageddon,0.7149054489734231,1,0.9,1,0.0,0.3038348158137048,0.325,-1,0.15,0.0,0.7009513342323344
55230,Saints Row: The Third,0.9549429426398882,1,0.9,1,0.12610646295622652,0.40585075062195247,0.325,-1,0.15,0.012610646295622653,0.8041152572258177
56400,"Warhammer 40,000: Dawn of War II - Retribution",0.8990197648414525,1,0.9,1,0.0,0.3820834000576173,0.325,-1,0.15,0.0,0.7713750600518556
57300,Amnesia: The Dark Descent,0.9434505516594082,1,1,1,0.0,0.40096648445524846,0.325,-1,0.15,0.0,0.8759664844552485
57640,Broken Sword 1 - Shadow of the Templars: Director's Cut (2009),0.9219804085003099,1,1,1,0.0,0.3918416736126317,0.325,-1,0.15,0.0,0.8668416736126318
57900,Duke Nukem Forever,0.6842816880940993,1,1,1,0.0,0.2908197174399922,0.325,-1,0.15,0.0,0.7658197174399922
58520,Blood Bowl: Legendary Edition,0.7284468463597683,1,0.9,1,0.0,0.3095899097029015,0.325,-1,0.15,0.0,0.7061309187326114
58610,Wargame: European Escalation,0.7649155695925837,1,0.9,1,0.0,0.32508911707684807,0.325,-1,0.15,0.0,0.7200802053691634
63000,HOARD,0.7844583043481772,1,0,1,0.0,0.3333947793479753,0.325,-1,0.15,0.0,0.0
63700,BIT.TRIP BEAT,0.7779857390344076,1,1,1,0.0,0.3306439390896232,0.325,-1,0.15,0.0,0.8056439390896232
63710,BIT.TRIP RUNNER,0.8458023468540848,1,0.9,1,0.0,0.35946599741298607,0.325,-1,0.15,0.0,0.7510193976716875
65800,Dungeon Defenders,0.9280881410096199,1,0.9,1,0.0,0.39443745992908846,0.325,-1,0.15,0.0,0.7824937139361796
65930,The Bureau: XCOM Declassified,0.6932226145505852,1,1,1,0.0,0.2946196111839987,0.325,-1,0.15,0.0,0.7696196111839987
67370,The Darkness II,0.911859241776034,1,1,1,0.0,0.3875401777548144,0.325,-1,0.15,0.0,0.8625401777548144
70300,VVVVVV,0.9582990675308432,1,1,1,0.0,0.4072771037006083,0.325,-1,0.15,0.0,0.8822771037006084
71000,Evochron Mercenary,0.7289148601533932,1,0.75,1,0,0.3097888155651921,0.325,-1,0.15,0.0,0.5885916116738942
72850,The Elder Scrolls V: Skyrim,0.9471682486207318,1,0.9,1,1,0.402546505663811,0.325,-1,0.15,0.1,0.87979185509743
91200,Anomaly Warzone Earth,0.8598389788622461,1,1,1,0.0,0.3654315660164546,0.325,-1,0.15,0.0,0.8404315660164546
91600,Sanctum,0.8823549541617397,1,1,1,0.37980589772303097,0.37500085551873935,0.325,-1,0.15,0.0379805897723031,0.8879814452910425
92800,SpaceChem,0.9137553704809217,1,0.9,1,0.10440562319863537,0.3883460324543917,0.325,-1,0.15,0.010440562319863539,0.7864079352968297
94200,Jamestown,0.9304118713009719,1,1,1,0.0,0.39542504530291306,0.325,-1,0.15,0.0,0.8704250453029131
94500,Back to the Future: Ep 2 - Get Tannen!,0.8333517476611362,1,1,1,0,0.35417449275598284,0.325,-1,0.15,0.0,0.8291744927559829
94510,Back to the Future: Ep 3 - Citizen Brown,0.8475531201326707,1,1,1,0,0.36021007605638505,0.325,-1,0.15,0.0,0.8352100760563851
94520,Back to the Future: Ep 4 - Double Visions,0.8300686944284675,1,1,1,0,0.3527791951320987,0.325,-1,0.15,0.0,0.8277791951320987
94530,Back to the Future: Ep 5 - OUTATIME,0.8585913843139413,1,1,1,0,0.36490133833342503,0.325,-1,0.15,0.0,0.8399013383334251
94590,Puzzle Agent 2,0.8528423623751064,1,1,1,0.0,0.3624580040094202,0.325,-1,0.15,0.0,0.8374580040094203
97000,Solar 2,0.8969121744860892,1,1,1,0.0,0.3811876741565879,0.325,-1,0.15,0.0,0.8561876741565879
98200,Frozen Synapse,0.8124653781714416,1,1,1,0.026746907388833167,0.3452977857228627,0.325,-1,0.15,0.002674690738883317,0.822972476461746
98800,Dungeons of Dredmor,0.9317012572186544,1,0.9,1,0.0,0.3959730343179281,0.325,-1,0.15,0.0,0.7838757308861354
99700,NightSky,0.8655758788656513,1,1,1,0.0,0.36786974851790183,0.325,-1,0.15,0.0,0.8428697485179019
102500,Kingdoms of Amalur: Reckoning™,0.8734780194338085,1,1,1,0.0002865165320038966,0.3712281582593686,0.325,-1,0.15,2.8651653200389662e-05,0.846256809912569
102600,Orcs Must Die!,0.954507145083464,1,1,1,0.0,0.40566553666047217,0.325,-1,0.15,0.0,0.8806655366604722
105600,Terraria,0.973631947766148,1,1,1,0.16453084274543875,0.4137935778006129,0.325,-1,0.15,0.016453084274543877,0.9052466620751568
107100,Bastion,0.9506579028317934,1,1,1,0.0,0.4040296087035122,0.325,-1,0.15,0.0,0.8790296087035122
107300,Breath of Death VII ,0.8175035405077455,1,1,1,0.0,0.34743900471579187,0.325,-1,0.15,0.0,0.8224390047157919
107310,Cthulhu Saves the World ,0.9083680975980205,1,0.9,1,0.0,0.3860564414791587,0.325,-1,0.15,0.0,0.7749507973312428
108200,Ticket to Ride,0.8459658542048023,1,0.9,1,0,0.359535488037041,0.325,-1,0.15,0.0,0.751081939233337
108800,Crysis 2 Maximum Edition,0.8475897739218953,1,1,1,0.1625,0.3602256539168055,0.325,-1,0.15,0.01625,0.8514756539168056
111900,Guardians of Middle-earth,0.22126620790711432,1,1,1,0.0,0.09403813836052359,0.325,-1,0.15,0.0,0.5690381383605236
113020,Monaco,0.8993629106038211,1,0.9,1,0.0,0.382229237006624,0.325,-1,0.15,0.0,0.7715063133059616
200260,Batman: Arkham City GOTY,0.9603033493201341,1,1,1,0.0,0.40812892346105695,0.325,-1,0.15,0.0,0.883128923461057
200510,XCOM: Enemy Unknown,0.9298459466868713,1,1,1,0.07288373726729891,0.3951845273419203,0.325,-1,0.15,0.0072883737267298914,0.8774729010686502
200710,Torchlight II,0.9240127829537902,1,1,1,1,0.3927054327553608,0.325,-1,0.15,0.1,0.9677054327553608
200900,Cave Story+,0.9234334682952815,1,0.9,1,0.0,0.3924592240254946,0.325,-1,0.15,0.0,0.7807133016229453
201310,X3: Albion Prelude,0.9120707813022754,1,0.75,1,0.0,0.387630082053467,0.325,-1,0.15,0.0,0.6469725615401003
201420,Toki Tori 2+,0.8293340693961304,1,1,1,0.0,0.3524669794933554,0.325,-1,0.15,0.0,0.8274669794933555
201790,Orcs Must Die! 2,0.9196527372729083,1,0.9,1,0.45650730411686585,0.390852413340986,0.325,-1,0.15,0.04565073041168659,0.8203528293774054
201830,Jurassic Park: The Game,0.6733536259925156,1,0.9,1,0.0,0.2861752910468191,0.325,-1,0.15,0.0,0.6850577619421372
201870,Assassin's Creed Revelations,0.8389566030584988,1,1,1,0.0,0.356556556299862,0.325,-1,0.15,0.0,0.831556556299862
202730,Dynamite Jack,0.8216772856441308,1,0,1,0.0,0.34921284639875555,0.325,-1,0.15,0.0,0.0
203160,Tomb Raider,0.9596443174082128,1,1,1,1,0.40784883489849044,0.325,-1,0.15,0.1,0.9828488348984905
204060,Superbrothers: Sword & Sworcery EP,0.7576471276914116,1,0.9,1,0.0,0.3220000292688499,0.325,-1,0.15,0.0,0.717300026341965
204120,LEGO® Harry Potter: Years 5-7,0.8808401159834094,1,1,1,0.0,0.374357049292949,0.325,-1,0.15,0.0,0.8493570492929491
204560,Confrontation,0.21842915645344355,1,0.9,1,0.0,0.09283239149271351,0.325,-1,0.15,0.0,0.5110491523434422
205100,Dishonored,0.9753142029160602,1,1,1,1,0.4145085362393256,0.325,-1,0.15,0.1,0.9895085362393257
205350,Mortal Kombat Kollection,0.5248593445246593,1,0.75,1,0.0,0.22306522142298021,0.325,-1,0.15,0.0,0.5235489160672352
205650,The Testament of Sherlock Holmes,0.7892878013399626,1,0.9,1,0.0,0.3354473155694841,0.325,-1,0.15,0.0,0.7294025840125358
205730,Insanely Twisted Shadow Planet,0.8486524307243701,1,1,1,0.0,0.3606772830578573,0.325,-1,0.15,0.0,0.8356772830578573
206190,Gunpoint,0.9725249282713745,1,1,1,0.0,0.41332309451533417,0.325,-1,0.15,0.0,0.8883230945153342
206440,To the Moon,0.9603906727277347,1,1,1,0.0,0.40816603590928724,0.325,-1,0.15,0.0,0.8831660359092873
206500,AirMech,0.8338907929769225,1,0.9,1,0,0.35440358701519203,0.325,-1,0.15,0.0,0.7464632283136728
207170,Legend of Grimrock,0.9295192711557204,1,1,1,0.3675876555178543,0.3950456902411812,0.325,-1,0.15,0.03675876555178543,0.9068044557929666
207610,The Walking Dead,0.9721133260102848,1,1,1,0.0,0.413148163554371,0.325,-1,0.15,0.0,0.888148163554371
208140,ENDLESS Space™ - Definitive Edition,0.7982055640239126,1,1,1,0.0,0.33923736471016286,0.325,-1,0.15,0.0,0.814237364710163
208480,Assassin's Creed® III,0.7298230585013563,1,0.9,1,0.0,0.31017479986307644,0.325,-1,0.15,0.0,0.7066573198767688
208580,STAR WARS™ Knights of the Old Republic™ II: The Sith Lords™,0.9326730308778589,1,1,1,0.45573235414116686,0.39638603812309003,0.325,-1,0.15,0.04557323541411669,0.9169592735372069
208730,Game of Thrones ,0.7068166925642889,1,1,1,0.0,0.30039709433982276,0.325,-1,0.15,0.0,0.7753970943398228
209540,Strike Suit Zero,0.7511475782239724,1,0,1,0.03274087932647334,0.31923772074518825,0.325,-1,0.15,0.0032740879326473345,0.0
209690,Fieldrunners,0.6112778177907813,1,1,1,0.0,0.25979307256108203,0.325,-1,0.15,0.0,0.7347930725610821
209730,RAW - Realms of Ancient War,0.47568021102542324,1,0.9,1,0.0,0.20216408968580488,0.325,-1,0.15,0.0,0.6094476807172244
209790,Splice,0.8448886774019804,1,0.9,1,0.0,0.35907768789584166,0.325,-1,0.15,0.0,0.7506699191062576
209830,Lone Survivor: The Director's Cut,0.8290113707924436,1,1,1,0.0,0.3523298325867885,0.325,-1,0.15,0.0,0.8273298325867885
210170,Spirits,0.6167001130350394,1,0,1,0.0,0.2620975480398917,0.325,-1,0.15,0.0,0.0
210770,Sanctum 2,0.8943279679636554,1,1,1,0.7842239185750636,0.38008938638455353,0.325,-1,0.15,0.07842239185750637,0.9335117782420599
210970,The Witness,0.8396130982181704,1,1,1,0.03638110928061505,0.35683556674272243,0.325,-1,0.15,0.0036381109280615048,0.8354736776707841
211420,DARK SOULS™: Prepare To Die Edition,0.9130376445419259,1,1,1,0.0,0.3880409989303185,0.325,-1,0.15,0.0,0.8630409989303186
212680,FTL: Faster Than Light,0.9497876339296671,1,1,1,0.13915143877336694,0.40365974442010855,0.325,-1,0.15,0.013915143877336694,0.8925748882974454
213030,Penny Arcade's On the Rain-Slick Precipice of Darkness 3,0.8260719471896827,1,1,1,0.0,0.3510805775556151,0.325,-1,0.15,0.0,0.8260805775556151
213330,LEGO® Batman™ 2: DC Super Heroes,0.9429480784448645,1,1,1,0.0,0.4007529333390674,0.325,-1,0.15,0.0,0.8757529333390675
214510,LEGO® The Lord of the Rings™,0.8966607995286169,1,1,1,0.1073045875172278,0.3810808397996622,0.325,-1,0.15,0.01073045875172278,0.866811298551385
214560,Mark of the Ninja,0.9673618647042977,1,1,1,0.033602150537634407,0.41112879249932655,0.325,-1,0.15,0.003360215053763441,0.88948900755309
214770,Guacamelee! Gold Edition,0.9247408009002419,1,1,1,0.0,0.3930148403826028,0.325,-1,0.15,0.0,0.8680148403826028
218060,BIT.TRIP Presents... Runner2: Future Legend of Rhythm Alien,0.9066468034195909,1,1,1,0.0,0.38532489145332616,0.325,-1,0.15,0.0,0.8603248914533262
218620,PAYDAY 2,0.8924270887779461,1,1,1,0.027098522485321633,0.37928151273062705,0.325,-1,0.15,0.0027098522485321636,0.8569913649791592
218680,Scribblenauts Unlimited,0.9350290714950763,1,1,1,0.0,0.3973873553854074,0.325,-1,0.15,0.0,0.8723873553854075
219740,Don't Starve,0.9646057879935381,1,1,1,0.0,0.4099574598972537,0.325,-1,0.15,0.0,0.8849574598972537
219780,Divinity II: Developer's Cut,0.8387726519461727,1,1,1,0.0,0.3564783770771234,0.325,-1,0.15,0.0,0.8314783770771234
219890,Antichamber,0.9479260522530566,1,1,1,0.0,0.40286857220754907,0.325,-1,0.15,0.0,0.8778685722075491
219990,Grim Dawn,0.9357825606113284,1,1,1,0.24299065420560748,0.39770758825981456,0.325,-1,0.15,0.024299065420560748,0.8970066536803754
220200,Kerbal Space Program,0.9539469666260206,1,1,1,0.04018425953151034,0.40542746081605874,0.325,-1,0.15,0.004018425953151035,0.8844458867692099
221640,Super Hexagon,0.9665504875277692,1,1,1,0.0,0.4107839571993019,0.325,-1,0.15,0.0,0.8857839571993019
222730,Reus,0.7711767172784161,1,1,1,0.0,0.32775010484332684,0.325,-1,0.15,0.0,0.8027501048433269
223220,Giana Sisters: Twisted Dreams,0.7574245761504005,1,1,1,0.0,0.3219054448639202,0.325,-1,0.15,0.0,0.7969054448639202
223510,Miasmata,0.7489744561530552,1,1,1,0.0,0.31831414386504847,0.325,-1,0.15,0.0,0.7933141438650485
224760,FEZ,0.9223997483311329,1,1,1,0.10882708585247884,0.3920198930407315,0.325,-1,0.15,0.010882708585247884,0.8779026016259793
225420,Cities in Motion 2,0.5603714374952063,1,1,1,0.0,0.23815786093546268,0.325,-1,0.15,0.0,0.7131578609354627
227080,Papo & Yo,0.9248234029378044,1,1,1,0.0,0.3930499462485669,0.325,-1,0.15,0.0,0.8680499462485669
228200,Company of Heroes ,0.9397162499861799,1,1,1,0.0,0.39937940624412643,0.325,-1,0.15,0.0,0.8743794062441265
228360,Full Throttle Remastered,0.906822502200345,1,1,1,0.0,0.3853995634351466,0.325,-1,0.15,0.0,0.8603995634351466
230150,Incredipede,0.6804282274193368,1,1,1,0.0,0.28918199665321814,0.325,-1,0.15,0.0,0.7641819966532182
230230,Divinity: Original Sin (Classic),0.9114967350892652,1,0.75,1,9.5666762333429e-06,0.3873861124129377,0.325,-1,0.15,9.5666762333429e-07,0.6467903018104209
230980,Starseed Pilgrim,0.564365936458522,1,1,1,0,0.2398555229948718,0.325,-1,0.15,0.0,0.7148555229948719
231040,Beatbuddy: Tale of the Guardians,0.725730783766157,1,0,1,0.0,0.3084355831006167,0.325,-1,0.15,0.0,0.0
231140,Cities XL Platinum,0.5612673917506784,1,0.9,1,0,0.2385386414940383,0.325,-1,0.15,0.0,0.6421847773446345
231160,The Swapper,0.9355893615159134,1,0.9,1,0.0,0.3976254786442632,0.325,-1,0.15,0.0,0.7853629307798369
233450,Prison Architect,0.8903873848579752,1,1,1,0.012294452128477023,0.37841463856463947,0.325,-1,0.15,0.0012294452128477024,0.8546440837774872
233720,Surgeon Simulator,0.8133882073718901,1,1,1,0.0,0.3456899881330533,0.325,-1,0.15,0.0,0.8206899881330533
233740,Organ Trail: Director's Cut,0.8691765603186754,1,1,1,0.03460207612456748,0.36940003813543704,0.325,-1,0.15,0.003460207612456748,0.8478602457478939
234650,Shadowrun Returns,0.8779296403469179,1,1,1,0.8744498494324763,0.3731200971474401,0.325,-1,0.15,0.08744498494324764,0.9355650820906878
234710,Poker Night 2,0.8687585319116733,1,1,1,0.0,0.36922237606246117,0.325,-1,0.15,0.0,0.8442223760624612
234900,Anodyne,0.830303139567622,1,0.9,1,0.0,0.35287883431623934,0.325,-1,0.15,0.0,0.7450909508846155
235600,Tom Clancy's Splinter Cell Blacklist,0.7833731902785773,1,0.9,1,0.11461856444945509,0.3329336058683954,0.325,-1,0.15,0.01146185644494551,0.7374559160820068
236090,Dust: An Elysian Tail,0.9485129969974283,1,0.9,1,0.11086474501108648,0.40311802372390704,0.325,-1,0.15,0.011086474501108648,0.8002840484025142
237850,Dreamfall Chapters,0.8117116675790913,1,1,1,0.0,0.3449774587211138,0.325,-1,0.15,0.0,0.8199774587211138
237930,Transistor,0.9369234051436149,1,1,1,0.0,0.39819244718603636,0.325,-1,0.15,0.0,0.8731924471860364
237990,The Banner Saga,0.8848126469958305,1,1,1,0.03856350927934442,0.37604537497322793,0.325,-1,0.15,0.003856350927934442,0.8549017259011624
238370,Magicka 2,0.8186204284420369,1,1,1,0.0,0.34791368208786566,0.325,-1,0.15,0.0,0.8229136820878656
238960,Path of Exile,0.8892481730465022,1,1,1,0.003246150992394732,0.3779304735447634,0.325,-1,0.15,0.00032461509923947324,0.8532550886440029
239160,Thief,0.7399471437933348,1,1,1,0.03531710249474001,0.3144775361121673,0.325,-1,0.15,0.003531710249474001,0.7930092463616413
240760,Wasteland 2,0.8168633764671438,1,0.9,1,0.009580032106053545,0.3471669349985361,0.325,-1,0.15,0.0009580032106053546,0.7408124443882275
241600,Rogue Legacy,0.9209582504161389,1,0.9,1,0.31499051233396586,0.39140725642685903,0.325,-1,0.15,0.03149905123339659,0.8081156768942301
241930,Middle-earth™: Shadow of Mordor™,0.9232454986620012,1,1,1,0,0.3923793369313505,0.325,-1,0.15,0.0,0.8673793369313506
242110,Joe Danger 2: The Movie,0.572005328433553,1,0.75,1,0.0,0.24310226458426,0.325,-1,0.15,0.0,0.538576698438195
247000,Talisman: Digital Classic Edition,0.7743087532305476,1,1,1,0.3089598352214212,0.32908122012298274,0.325,-1,0.15,0.03089598352214212,0.8349772036451248
247080,Crypt of the NecroDancer,0.9524920078934042,1,1,1,0.0,0.4048091033546968,0.325,-1,0.15,0.0,0.8798091033546968
249050,Dungeon of the ENDLESS™,0.8468523342854052,1,1,1,0.0,0.3599122420712972,0.325,-1,0.15,0.0,0.8349122420712972
249130,LEGO® MARVEL Super Heroes,0.9535134986062294,1,1,1,0.10347222222222223,0.40524323690764746,0.325,-1,0.15,0.010347222222222223,0.8905904591298697
249990,FORCED,0.725032864356964,1,0,1,0.0714103545014027,0.3081389673517097,0.325,-1,0.15,0.007141035450140271,0.0
250050,Life Goes On,0.950340765086085,1,0.9,1,0.0,0.4038948251615861,0.325,-1,0.15,0.0,0.7910053426454275
250320,The Wolf Among Us,0.9773674052625001,1,1,1,0.0,0.41538114723656255,0.325,-1,0.15,0.0,0.8903811472365626
250520,Underrail,0.8542235842566593,1,1,1,0.0,0.36304502330908023,0.325,-1,0.15,0.0,0.8380450233090803
251530,Anomaly Korea,0.7536971911079746,1,0.9,1,0.0,0.3203213062208892,0.325,-1,0.15,0.0,0.7157891755988004
251570,7 Days to Die,0.8701137521120262,1,0.9,1,0.007008439951090037,0.36979834464761113,0.325,-1,0.15,0.0007008439951090037,0.7609492697784482
252950,Rocket League,0.8761124323414756,1,1,1,0.15088905584773352,0.3723477837451271,0.325,-1,0.15,0.015088905584773353,0.8624366893299006
253030,Race The Sun,0.9280907531046017,1,1,1,0.14138817480719795,0.3944385700694557,0.325,-1,0.15,0.014138817480719795,0.8835773875501755
253510,Warmachine Tactics,0.4158435587403635,1,0.9,1,0,0.1767335124646545,0.325,-1,0.15,0.0,0.5865601612181891
257510,The Talos Principle,0.9509020757972249,1,1,1,0.7115928369462771,0.40413338221382056,0.325,-1,0.15,0.0711592836946277,0.9502926659084483
257850,Hyper Light Drifter,0.9259114474775838,1,1,1,0.0,0.3935123651779731,0.325,-1,0.15,0.0,0.8685123651779731
259130,Wasteland 1 - The Original Classic,0.7534916404556471,1,1,1,0.0,0.32023394719365,0.325,-1,0.15,0.0,0.79523394719365
261030,The Walking Dead: Season Two,0.9637606893000866,1,1,1,0.0,0.4095982929525368,0.325,-1,0.15,0.0,0.8845982929525368
261570,Ori and the Blind Forest,0.9373808737424979,1,1,1,0.0,0.3983868713405616,0.325,-1,0.15,0.0,0.8733868713405616
261640,Borderlands: The Pre-Sequel,0.784998317265277,1,1,1,0.7232061762034514,0.3336242848377427,0.325,-1,0.15,0.07232061762034514,0.8809449024580879
262060,Darkest Dungeon®,0.9154534111071648,1,1,1,0.06148182957393483,0.38906769972054506,0.325,-1,0.15,0.006148182957393483,0.8702158826779386
263440,Stomping Land,0.4538451798971074,1,0,1,0,0.19288420145627064,0.325,-1,0.15,0.0,0.0
267530,The LEGO® Movie - Videogame,0.8619893883060852,1,1,1,0.0,0.3663454900300862,0.325,-1,0.15,0.0,0.8413454900300862
267750,Shadowrun Chronicles - Boston Lockdown,0.5574173365750061,1,0,1,0.0,0.23690236804437761,0.325,-1,0.15,0.0,0.0
268500,XCOM 2,0.8435764043344699,1,1,1,0.0,0.3585199718421497,0.325,-1,0.15,0.0,0.8335199718421497
269210,Hero Siege,0.6675480975373284,1,0.9,1,0.0,0.28370794145336453,0.325,-1,0.15,0.0,0.682837147308028
269710,Tumblestone,0.7557302286249485,1,0,1,0.0,0.3211853471656031,0.325,-1,0.15,0.0,0.0
271240,Offworld Trading Company,0.7579811592472151,1,0.9,1,0.0,0.3221419926800664,0.325,-1,0.15,0.0,0.7174277934120598
272270,Torment: Tides of Numenera,0.6906587305986648,1,1,1,0.038086973290907336,0.29352996050443253,0.325,-1,0.15,0.0038086973290907336,0.7723386578335233
272890,Vertiginous Golf,0.5455911464737825,1,0,1,0.0,0.23187623725135756,0.325,-1,0.15,0.0,0.0
274170,Hotline Miami 2: Wrong Number,0.9403300677037577,1,1,1,0.0,0.399640278774097,0.325,-1,0.15,0.0,0.8746402787740971
275390,Guacamelee! Super Turbo Championship Edition,0.9173759707725387,1,1,1,0.0,0.38988478757832895,0.325,-1,0.15,0.0,0.864884787578329
275850,No Man's Sky,0.8478774326367555,1,1,1,1,0.36034790887062107,0.325,-1,0.15,0.1,0.9353479088706211
278100,RIVE,0.8119423788986025,1,1,1,0.0,0.3450755110319061,0.325,-1,0.15,0.0,0.8200755110319061
281640,The Banner Saga 2,0.8860870456210319,1,1,1,0.0,0.37658699438893856,0.325,-1,0.15,0.0,0.8515869943889386
282070,This War of Mine,0.9370818010869255,1,1,1,0.0,0.39825976546194336,0.325,-1,0.15,0.0,0.8732597654619434
283920,Putt-Putt Joins the Parade,0.9087424965854226,1,0,1,0.0,0.3862155610488046,0.325,-1,0.15,0.0,0.0
283940,Freddi Fish and the Case of the Missing Kelp Seeds,0.9560653580119399,1,1,1,0.0,0.40632777715507445,0.325,-1,0.15,0.0,0.8813277771550745
283960,Pajama Sam in No Need to Hide When It's Dark Outside,0.9653599993810665,1,1,1,0.0,0.4102779997369533,0.325,-1,0.15,0.0,0.8852779997369533
283980,SPY Fox in: Dry Cereal,0.9361776233951391,1,1,1,0.0,0.3978754899429341,0.325,-1,0.15,0.0,0.8728754899429342
284000,Putt-Putt and Pep's Balloon-o-Rama,0.7030819756034554,1,0,1,0,0.29880983963146857,0.325,-1,0.15,0.0,0.0
284020,Freddi Fish and Luther's Maze Madness,0.7056727244152231,1,0,1,0,0.2999109078764698,0.325,-1,0.15,0.0,0.0
285160,LEGO® The Hobbit™,0.7996396778515831,1,0.9,1,0.0,0.3398468630869228,0.325,-1,0.15,0.0,0.7333621767782306
286160,Tabletop Simulator,0.957929132382819,1,1,1,0.09801270785453563,0.40711988126269805,0.325,-1,0.15,0.009801270785453564,0.8919211520481517
288370,Strike Suit Zero: Director's Cut,0.7832368832007989,1,0.9,1,0.0019157088122605365,0.3328756753603395,0.325,-1,0.15,0.00019157088122605367,0.7272605216174091
289070,Sid Meier's Civilization VI,0.8592870914731252,1,1,1,0.0,0.3651970138760782,0.325,-1,0.15,0.0,0.8401970138760783
289130,ENDLESS Legend™,0.8294412559205627,1,1,1,0.0,0.35251253376623914,0.325,-1,0.15,0.0,0.8275125337662391
289930,TransOcean: The Shipping Company,0.7164532633961813,1,0.9,1,0.0,0.304492636943377,0.325,-1,0.15,0.0,0.7015433732490394
290340,Armello,0.812361871293371,1,1,1,0.0,0.34525379529968264,0.325,-1,0.15,0.0,0.8202537952996827
290790,Grey Goo,0.6647016140616238,1,1,1,0.0,0.2824981859761901,0.325,-1,0.15,0.0,0.7574981859761901
291650,Pillars of Eternity,0.8810045262945133,1,1,1,0.32537453183520604,0.37442692367516817,0.325,-1,0.15,0.0325374531835206,0.8819643768586889
292030,The Witcher 3: Wild Hunt,0.9674305719437613,1,1,1,0.0,0.4111579930760985,0.325,-1,0.15,0.0,0.8861579930760985
292240,SPY Fox 2: Some Assembly Required,0.8875844389785812,1,0,1,0.0,0.377223386565897,0.325,-1,0.15,0.0,0.0
292260,SPY Fox 3: Operation Ozone,0.8415368680405052,1,0,1,0.0,0.3576531689172147,0.325,-1,0.15,0.0,0.0
292280,SPY Fox in: Cheese Chase,0.5173084842745487,1,0,1,0,0.2198561058166832,0.325,-1,0.15,0.0,0.0
292300,SPY Fox in: Hold the Mustard,0.27027144858027696,1,0,1,0,0.1148653656466177,0.325,-1,0.15,0.0,0.0
292780,Pajama Sam 2: Thunder And Lightning Aren't So Frightening,0.9603045364152807,1,0,1,0.0,0.40812942797649426,0.325,-1,0.15,0.0,0.0
292800,Pajama Sam 3: You Are What You Eat From Your Head To Your Feet,0.9517492413139669,1,0,1,0.0,0.4044934275584359,0.325,-1,0.15,0.0,0.0
292820,Pajama Sam 4: Life Is Rough When You Lose Your Stuff!,0.335744724282434,1,0.5,1,0.0,0.14269150782003445,0.325,-1,0.15,0.0,0.30884575391001723
292840,Pajama Sam's Sock Works,0.7857180674970731,1,0,1,0,0.333930178686256,0.325,-1,0.15,0.0,0.0
292860,Pajama Sam's Lost & Found,0.37114361988923295,1,0,1,0.0,0.157736038452924,0.325,-1,0.15,0.0,0.0
294530,Freddi Fish 2: The Case of the Haunted Schoolhouse,0.9583601627083297,1,0,1,0.0,0.4073030691510401,0.325,-1,0.15,0.0,0.0
294540,Freddi Fish 3: The Case of the Stolen Conch Shell,0.9378271904685666,1,0,1,0.0,0.39857655594914077,0.325,-1,0.15,0.0,0.0
294550,Freddi Fish 4: The Case of the Hogfish Rustlers of Briny Gulch,0.931058687695551,1,0,1,0.0,0.3956999422706092,0.325,-1,0.15,0.0,0.0
294570,Freddi Fish 5: The Case of the Creature of Coral Cove,0.8769950203723584,1,0,1,0.0,0.37272288365825235,0.325,-1,0.15,0.0,0.0
294580,Freddi Fish and Luther's Water Worries,0.46269715977486015,1,0,1,0,0.19664629290431557,0.325,-1,0.15,0.0,0.0
294650,Putt-Putt Goes to the Moon,0.8959624017196334,1,0,1,0.0,0.38078402073084416,0.325,-1,0.15,0.0,0.0
294660,Putt-Putt Saves The Zoo,0.9543313352554295,1,1,1,0.0,0.4055908174835575,0.325,-1,0.15,0.0,0.8805908174835576
294670,Putt-Putt Travels Through Time,0.9159805927064782,1,0,1,0.0,0.3892917519002532,0.325,-1,0.15,0.0,0.0
294680,Putt-Putt Enters the Race,0.9190663178875389,1,0,1,0.0,0.39060318510220404,0.325,-1,0.15,0.0,0.0
294690,Putt-Putt Joins the Circus,0.8396789770994196,1,0,1,0.0,0.3568635652672533,0.325,-1,0.15,0.0,0.0
294700,Putt-Putt: Pep's Birthday Surprise,0.44388224357839473,1,0.75,1,0.0,0.18864995352081776,0.325,-1,0.15,0.0,0.49773746514061334
294710,Putt-Putt and Pep's Dog on a Stick,0.6802480275046752,1,0,1,0,0.28910541168948695,0.325,-1,0.15,0.0,0.0
294720,Putt-Putt and Fatty Bear's Activity Pack,0.7813900995787618,1,0,1,0,0.33209079232097377,0.325,-1,0.15,0.0,0.0
300550,Shadowrun: Dragonfall - Director's Cut,0.8855580532417038,1,1,1,0.0,0.3763621726277241,0.325,-1,0.15,0.0,0.8513621726277242
302510,Ryse: Son of Rome,0.8671252043489981,1,1,1,0.0,0.3685282118483242,0.325,-1,0.15,0.0,0.8435282118483242
304650,Sunless Sea,0.8229085897318642,1,0.9,1,0.097152699284138,0.3497361506360423,0.325,-1,0.15,0.009715269928413801,0.7510062785080105
305620,The Long Dark,0.8883333099321175,1,1,1,0.018036194668623134,0.3775416567211499,0.325,-1,0.15,0.0018036194668623136,0.8543452761880124
306760,Obduction,0.7851344040197511,1,0.9,1,0.13125965144495919,0.33368212170839423,0.325,-1,0.15,0.013125965144495919,0.7396272781676012
313690,LEGO® Batman™ 3: Beyond Gotham,0.8776040330136438,1,0.9,1,0.0,0.3729817140307986,0.325,-1,0.15,0.0,0.7631835426277188
317020,Pajama Sam: Games to Play on Any Day,0.7957685574140959,1,0,1,0.0,0.33820163690099075,0.325,-1,0.15,0.0,0.0
317030,Fatty Bear's Birthday Surprise,0.9014534722214624,1,0,1,0.0,0.3831177256941215,0.325,-1,0.15,0.0,0.0
318600,The Flame in the Flood,0.7499164231693628,1,1,1,0.0,0.3187144798469792,0.325,-1,0.15,0.0,0.7937144798469792
318970,StarCrawlers,0.808540614225735,1,0.9,1,0.05527280687352926,0.34362976104593734,0.325,-1,0.15,0.005527280687352926,0.7417413375599613
321040,DiRT 3 Complete Edition,0.9095948688532254,1,1,1,0,0.3865778192626208,0.325,-1,0.15,0.0,0.8615778192626208
322190,SteamWorld Heist,0.9326873483039986,1,1,1,0.0,0.3963921230291994,0.325,-1,0.15,0.0,0.8713921230291994
325600,Sword Coast Legends,0.5269059279373265,1,1,1,0.05328005328005328,0.22393501937336374,0.325,-1,0.15,0.005328005328005328,0.7042630247013691
326410,Windward,0.7831584902215182,1,1,1,0.0,0.3328423583441452,0.325,-1,0.15,0.0,0.8078423583441453
330830,Tales from the Borderlands,0.939735121091949,1,1,1,0.0,0.3993874264640783,0.325,-1,0.15,0.0,0.8743874264640784
330840,Game of Thrones - A Telltale Games Series,0.7500389120897674,1,1,1,0.0,0.3187665376381511,0.325,-1,0.15,0.0,0.7937665376381512
331600,ONE PIECE PIRATE WARRIORS 3,0.7732261232861487,1,1,1,0.0,0.3286211023966132,0.325,-1,0.15,0.0,0.8036211023966132
337000,Deus Ex: Mankind Divided™,0.7595347784090372,1,0.9,1,0.6549537932516656,0.32280228082384077,0.325,-1,0.15,0.06549537932516657,0.7769678941341067
337150,Sentinels of the Multiverse,0.8817891469496228,1,1,1,0.42098296500920807,0.3747603874535897,0.325,-1,0.15,0.04209829650092081,0.8918586839545105
339200,Oceanhorn: Monster of Uncharted Seas,0.7798924614690417,1,1,1,0.0,0.3314542961243427,0.325,-1,0.15,0.0,0.8064542961243427
341800,Keep Talking and Nobody Explodes,0.9704694058337543,1,1,1,0.0,0.41244949747934556,0.325,-1,0.15,0.0,0.8874494974793455
346110,ARK: Survival Evolved,0.8324182819030617,1,0.9,1,0.3258121898698624,0.3537777698088012,0.325,-1,0.15,0.03258121898698624,0.7752230899162088
346940,Shadowrun: Hong Kong - Extended Edition,0.85706665406875,1,1,1,0,0.3642533279792188,0.325,-1,0.15,0.0,0.8392533279792188
352400,LEGO® Jurassic World,0.9202301952789826,1,1,1,0.0,0.3910978329935676,0.325,-1,0.15,0.0,0.8660978329935677
355800,Space Run Galaxy,0.608292441297495,1,1,1,0.0,0.25852428755143536,0.325,-1,0.15,0.0,0.7335242875514354
358130,Curious Expedition,0.9040367734216278,1,0.9,1,0.0,0.3842156287041918,0.325,-1,0.15,0.0,0.7732940658337726
359320,Elite Dangerous,0.7710136272786603,1,0.9,1,0.10721463889813686,0.3276807915934306,0.325,-1,0.15,0.010721463889813687,0.7320620299349199
360830,Yooka-Laylee,0.7378327150124121,1,1,1,0.023623330074942977,0.31357890388027515,0.325,-1,0.15,0.002362333007494298,0.7909412368877695
362890,Black Mesa,0.9486856052430044,1,0.9,1,0.0,0.40319138222827683,0.325,-1,0.15,0.0,0.7903722440054491
363050,Let's Explore The Airport (Junior Field Trips),0.846446856523734,1,0,1,0.0,0.3597399140225869,0.325,-1,0.15,0.0,0.0
363060,Let's Explore The Farm (Junior Field Trips),0.8690882244316417,1,0,1,0,0.36936249538344773,0.325,-1,0.15,0.0,0.0
363070,Let's Explore The Jungle (Junior Field Trips),0.782433758350299,1,0,1,0,0.3325343472988771,0.325,-1,0.15,0.0,0.0
363600,Holy Potatoes! A Weapon Shop?!,0.6953773861409062,1,0,1,0.0,0.29553538910988514,0.325,-1,0.15,0.0,0.0
364360,Total War: WARHAMMER,0.7814041375134374,1,0.75,1,0.0,0.3320967584432109,0.325,-1,0.15,0.0,0.6053225688324082
367450,Poly Bridge,0.9064788894821504,1,1,1,0.0,0.3852535280299139,0.325,-1,0.15,0.0,0.860253528029914
368230,Kingdom: Classic,0.9028217487579071,1,0.9,1,0.0,0.3836992432221105,0.325,-1,0.15,0.0,0.7728293188998995
370240,NBA 2K16,0.5073728872403054,1,1,1,0.0,0.2156334770771298,0.325,-1,0.15,0.0,0.6906334770771299
370360,TIS-100,0.9611765906110655,1,1,1,0.0,0.4085000510097028,0.325,-1,0.15,0.0,0.8835000510097029
373420,Divinity: Original Sin Enhanced Edition,0.8902810293860914,1,1,1,0.0001440668107334774,0.37836943748908886,0.325,-1,0.15,1.440668107334774e-05,0.8533838441701622
374320,DARK SOULS™ III,0.9427213380468282,1,1,1,0.0,0.400656568669902,0.325,-1,0.15,0.0,0.875656568669902
375820,Human Resource Machine,0.9315198903847436,1,0.75,1,0.15039142974866088,0.395895953413516,0.325,-1,0.15,0.015039142974866089,0.6644513222912866
376570,WildStar,0.7411770817923827,1,0,1,0,0.31500025976176266,0.325,-1,0.15,0.0,0.0
376760,Big Thinkers Kindergarten,0.7659688971390856,1,0,1,0.0,0.32553678128411134,0.325,-1,0.15,0.0,0.0
376770,Big Thinkers 1st Grade,0.7898683447569094,1,0,1,0.0,0.3356940465216865,0.325,-1,0.15,0.0,0.0
377160,Fallout 4,0.8105751576682357,1,1,1,1,0.3444944420090002,0.325,-1,0.15,0.1,0.9194944420090002
384190,ABZÛ,0.9261217705024224,1,1,1,0.5238095238095238,0.3936017524635295,0.325,-1,0.15,0.05238095238095239,0.920982704844482
387290,Ori and the Blind Forest: Definitive Edition,0.9494297035166146,1,1,1,0.8237885462555066,0.4035076239945612,0.325,-1,0.15,0.08237885462555067,0.9608864786201119
391720,Layers of Fear (2016),0.8802959857019036,1,0.9,1,0.0,0.374125793923309,0.325,-1,0.15,0.0,0.7642132145309782
394230,Battleborn,0.6173057636421664,1,0,1,0.0,0.2623549495479207,0.325,-1,0.15,0.0,0.0
396750,EVERSPACE™,0.7753565850715156,1,1,1,0.09884991920920065,0.3295265486553941,0.325,-1,0.15,0.009884991920920065,0.8144115405763143
397080,Magicka 2: Spell Balance Beta,0,1,1,1,0,0.0,0.325,-1,0.15,0.0,0.475
400180,Okhlos: Omega,0.735940034993442,1,0,1,0.0,0.3127745148722128,0.325,-1,0.15,0.0,0.0
403290,Burly Men at Sea,0.5856798321459142,1,1,1,0.0,0.24891392866201353,0.325,-1,0.15,0.0,0.7239139286620135
403640,Dishonored 2,0.8938750127188957,1,1,1,0.23882783882783884,0.37989688040553066,0.325,-1,0.15,0.023882783882783885,0.8787796642883146
404410,Endless Sky,0.9163497158122429,1,1,1,0.2994408899648395,0.38944862922020324,0.325,-1,0.15,0.029944088996483948,0.8943927182166872
404730,Wasteland 2: Director's Cut,0.8634558883916696,1,1,1,0,0.3669687525664596,0.325,-1,0.15,0.0,0.8419687525664596
405310,LEGO® MARVEL's Avengers,0.8758653589864719,1,1,1,0.0,0.37224277756925056,0.325,-1,0.15,0.0,0.8472427775692506
407530,ARK: Survival Of The Fittest,0.6534476211974681,1,0.5,1,0,0.277715239008924,0.325,-1,0.15,0.0,0.376357619504462
413150,Stardew Valley,0.9845267214740363,1,1,1,0.5205252781298408,0.4184238566264654,0.325,-1,0.15,0.052052527812984084,0.9454763844394496
423580,Project Highrise,0.838320610344843,1,1,1,0.0,0.3562862593965582,0.325,-1,0.15,0.0,0.8312862593965583
427520,Factorio,0.9744454615782489,1,1,1,0.6488893696812347,0.41413932117075575,0.325,-1,0.15,0.06488893696812346,0.9540282581388793
435150,Divinity: Original Sin 2,0.9558992868587226,1,1,1,0.0001011334344667678,0.4062571969149571,0.325,-1,0.15,1.0113343446676782e-05,0.8812673102584038
438640,LEGO® STAR WARS™: The Force Awakens,0.8264084886244232,1,1,1,0.0,0.35122360766537986,0.325,-1,0.15,0.0,0.8262236076653798
462780,Darksiders Warmastered Edition,0.874343304285881,1,0.9,1,0.0,0.3715959043214994,0.325,-1,0.15,0.0,0.7619363138893496
463160,Super Dungeon Tactics,0.7034411367038268,1,0,1,0.0,0.2989624830991264,0.325,-1,0.15,0.0,0.0
464920,Surviving Mars,0.7972698635262245,1,1,1,0.0,0.33883969199864544,0.325,-1,0.15,0.0,0.8138396919986455
470260,Event[0],0.7868681455364555,1,1,1,0.0,0.3344189618529936,0.325,-1,0.15,0.0,0.8094189618529936
473530,Slime-san,0.800599279841604,1,0.9,1,0.0,0.34025469393268165,0.325,-1,0.15,0.0,0.7337292245394136
475150,Titan Quest Anniversary Edition,0.9003117797323105,1,1,1,0.0,0.3826325063862319,0.325,-1,0.15,0.0,0.8576325063862319
480640,Pathfinder Adventures,0.6114737690562456,1,0.75,1,0,0.2598763518489044,0.325,-1,0.15,0.0,0.5511572638866783
485460,The Banner Saga 3,0.777772159739767,1,0.9,1,0.0,0.330553167889401,0.325,-1,0.15,0.0,0.7249978511004609
493200,RiME,0.8938493654226181,1,1,1,0.0,0.3798859803046127,0.325,-1,0.15,0.0,0.8548859803046127
494720,Morphblade,0.8900588098795785,1,1,1,0,0.3782749941988209,0.325,-1,0.15,0.0,0.8532749941988209
496300,Kingdom: New Lands,0.8493414167435037,1,1,1,0.0,0.36097010211598907,0.325,-1,0.15,0.0,0.8359701021159891
504210,SHENZHEN I/O,0.9419123322381494,1,1,1,0.0004008337341670675,0.40031274120121346,0.325,-1,0.15,4.008337341670675e-05,0.8753528245746302
508440,Totally Accurate Battle Simulator,0.9773976075178408,1,1,1,0.15482128013300084,0.4153939831950823,0.325,-1,0.15,0.015482128013300085,0.9058761112083824
508790,Flat Heroes,0.8730307561623993,1,0,1,0.0,0.37103807136901973,0.325,-1,0.15,0.0,0.0
518790,theHunter: Call of the Wild™,0.8895169195368738,1,0.9,1,0.1917917917917918,0.3780446908031714,0.325,-1,0.15,0.01917917917917918,0.7850014829841155
527230,For The King,0.8750444739252873,1,1,1,0.4299990391082925,0.3718939014182471,0.325,-1,0.15,0.04299990391082925,0.8898938053290764
528230,SYNTHETIK,0.9349449782256036,1,1,1,0.0,0.3973516157458815,0.325,-1,0.15,0.0,0.8723516157458816
537800,Bomber Crew,0.8713907765181095,1,1,1,0.0,0.3703410800201965,0.325,-1,0.15,0.0,0.8453410800201965
553960,Husk,0.4247762180689479,1,0.9,1,0.0,0.18052989267930283,0.325,-1,0.15,0.0,0.5899769034113725
556180,Mysterium,0.7225573864225258,1,0.9,1,0.0,0.30708688922957345,0.325,-1,0.15,0.0,0.7038782003066162
557340,My Friend Pedro,0.9531660407491357,1,1,1,0.0,0.40509556731838264,0.325,-1,0.15,0.0,0.8800955673183827
564310,Serious Sam Fusion 2017 (beta),0.9203463708477025,1,1,1,0.0,0.39114720761027355,0.325,-1,0.15,0.0,0.8661472076102735
578650,The Outer Worlds,0.8196160392597439,1,1,1,0.04254254254254254,0.3483368166853911,0.325,-1,0.15,0.004254254254254255,0.8275910709396455
582010,Monster Hunter: World,0.8867066739888217,1,1,1,0.1434763762462072,0.37685033644524923,0.325,-1,0.15,0.014347637624620721,0.8661979740698701
585710,Blazing Beaks,0.8164302750353252,1,1,1,0.0,0.3469828668900132,0.325,-1,0.15,0.0,0.8219828668900132
596970,Sunless Skies,0.8298806413977714,1,0.9,1,0.0,0.3526992725940528,0.325,-1,0.15,0.0,0.7449293453346476
598530,Naev,0.7487618307011347,1,0,1,0,0.31822377804798224,0.325,-1,0.15,0.0,0.0
598810,Carcassonne: The Official Board Game,0.825505581857001,1,1,1,0.0,0.3508398722892254,0.325,-1,0.15,0.0,0.8258398722892254
599140,Graveyard Keeper,0.851506127418436,1,1,1,0.0,0.3618901041528353,0.325,-1,0.15,0.0,0.8368901041528353
609490,Minit,0.8815390989435526,1,1,1,0.0,0.37465411705100987,0.325,-1,0.15,0.0,0.8496541170510099
619150,while True: learn(),0.9069371100636193,1,1,1,0.0,0.3854482717770382,0.325,-1,0.15,0.0,0.8604482717770382
640590,The LEGO® NINJAGO® Movie Video Game,0.8436179334690087,1,1,1,0.0,0.3585376217243287,0.325,-1,0.15,0.0,0.8335376217243288
640820,Pathfinder: Kingmaker,0.7720989902289589,1,1,1,0.12956419316843346,0.3281420708473075,0.325,-1,0.15,0.012956419316843347,0.8160984901641508
644390,D&D Lords of Waterdeep,0.9231719681469149,1,1,1,0,0.39234808646243885,0.325,-1,0.15,0.0,0.8673480864624389
647830,LEGO® MARVEL Super Heroes 2,0.8506066897842891,1,1,1,0.0,0.36150784315832285,0.325,-1,0.15,0.0,0.8365078431583229
677120,Heroes of Hammerwatch,0.8678912478183358,1,1,1,0.14861751152073735,0.3688537803227927,0.325,-1,0.15,0.014861751152073735,0.8587155314748665
716490,EXAPUNKS,0.9371264232401034,1,1,1,0.0,0.39827872987704394,0.325,-1,0.15,0.0,0.873278729877044
718560,Scythe: Digital Edition,0.8840305694585602,1,0.9,1,0.032362459546925564,0.37571299201988806,0.325,-1,0.15,0.0032362459546925564,0.7685543141771225
719040,Wasteland 3,0.8415872849376548,1,1,1,0.03900208459417658,0.3576745960985033,0.325,-1,0.15,0.0039002084594176585,0.8365748045579209
729040,Borderlands GOTY Enhanced,0.804641425506484,1,0.9,1,0.0,0.3419726058402557,0.325,-1,0.15,0.0,0.7352753452562301
738520,Breathedge,0.8146245655664098,1,0.9,1,0.0,0.34621544036572416,0.325,-1,0.15,0.0,0.7390938963291518
753420,Dungreed,0.9280804507021445,1,1,1,0.0,0.3944341915484114,0.325,-1,0.15,0.0,0.8694341915484115
754890,Firmament,0.696987467507965,1,0.75,1,0.0,0.29621967369088514,0.325,-1,0.15,0.0,0.5784147552681639
780290,Gloomhaven,0.8157740081224242,1,1,1,0.022150341044933547,0.34670395345203026,0.325,-1,0.15,0.0022150341044933548,0.8239189875565236
792100,7 Billion Humans,0.9242551986980946,1,1,1,0.0,0.3928084594466902,0.325,-1,0.15,0.0,0.8678084594466903
818320,LEGO® The Incredibles,0.8872786429581899,1,1,1,0.0,0.3770934232572307,0.325,-1,0.15,0.0,0.8520934232572307
829110,LEGO® DC Super-Villains,0.9058503554963168,1,1,1,0.0,0.3849864010859346,0.325,-1,0.15,0.0,0.8599864010859347
860950,Mark of the Ninja: Remastered,0.9561173844880518,1,1,1,0,0.40634988840742203,0.325,-1,0.15,0.0,0.8813498884074221
881320,The LEGO® Movie 2 - Videogame,0.5915619468027975,1,1,1,0.0,0.25141382739118895,0.325,-1,0.15,0.0,0.726413827391189
920210,LEGO® Star Wars™: The Skywalker Saga,0.8988106174647092,1,1,1,0.0,0.38199451242250143,0.325,-1,0.15,0.0,0.8569945124225015
954870,Astrox Imperium,0.823404644340057,1,1,1,0,0.3499469738445242,0.325,-1,0.15,0.0,0.8249469738445242
960090,Bloons TD 6,0.9714695538502495,1,1,1,0.04671365349942633,0.412874560386356,0.325,-1,0.15,0.004671365349942633,0.8925459257362987
973810,Journey To The Savage Planet,0.8595893354089714,1,1,1,0.0,0.36532546754881284,0.325,-1,0.15,0.0,0.8403254675488129
1030830,Mafia II: Definitive Edition,0.7344695777052443,1,1,1,0.0,0.31214957052472886,0.325,-1,0.15,0.0,0.7871495705247289
1041720,Kingdoms of Amalur: Re-Reckoning,0.7625843464798182,1,1,1,0.34591194968553457,0.3240983472539227,0.325,-1,0.15,0.03459119496855346,0.8336895422224762
1051200,Trover Saves the Universe,0.896114146460742,1,1,1,0.0,0.38084851224581534,0.325,-1,0.15,0.0,0.8558485122458154
1063580,Aeon's End,0.784858917109654,1,1,1,0.6509298998569384,0.33356503977160296,0.325,-1,0.15,0.06509298998569384,0.8736580297572968
1086940,Baldur's Gate 3,0.9676086949688167,1,1,1,0.4912416501820476,0.4112336953617471,0.325,-1,0.15,0.04912416501820476,0.9353578603799518
1101190,Dungeon Defenders: Awakened,0.6467189212580363,1,0.9,1,0.24898068310941782,0.2748555415346654,0.325,-1,0.15,0.02489806831094178,0.6972782488610465
1142710,Total War: WARHAMMER III,0.7033430455216053,1,0.9,1,0.0,0.29892079434668223,0.325,-1,0.15,0.0,0.6965287149120141
1150090,Learning Factory,0.8278953011667107,1,0,1,0.0,0.35185550299585205,0.325,-1,0.15,0.0,0.0
1151640,Horizon Zero Dawn™ Complete Edition,0.8778277467967094,1,0.9,1,0.0,0.3730767923886015,0.325,-1,0.15,0.0,0.7632691131497414
1161580,Hardspace: Shipbreaker,0.889317555830335,1,1,1,0.0,0.3779599612278924,0.325,-1,0.15,0.0,0.8529599612278924
1199030,Tainted Grail,0.8936024967363767,1,0.9,1,0.018198896324997067,0.3797810611129601,0.325,-1,0.15,0.0018198896324997068,0.7709408556709139
1222690,Dragon Age™ Inquisition,0.751088752575069,1,0.9,1,1,0.3192127198444043,0.325,-1,0.15,0.1,0.8047914478599639
1238000,Mass Effect™: Andromeda Deluxe Edition,0.7326638804753003,1,0.9,1,0.0,0.31138214920200263,0.325,-1,0.15,0.0,0.7077439342818024
1277400,Monster Hunter Stories 2: Wings of Ruin,0.8203929065436183,1,1,1,0.0,0.3486669852810378,0.325,-1,0.15,0.0,0.8236669852810378
1337010,Alba: A Wildlife Adventure,0.9745799193186515,1,1,1,0.034722222222222224,0.4141964657104269,0.325,-1,0.15,0.0034722222222222225,0.8926686879326491
1463920,hexceed,0.8858230991513039,1,1,1,0.049440979830327546,0.37647481713930414,0.325,-1,0.15,0.004944097983032755,0.8564189151223369
1466060,Tainted Grail: The Fall of Avalon,0.8767170588935747,1,1,1,0.0,0.3726047500297692,0.325,-1,0.15,0.0,0.8476047500297693
1503530,Minit Fun Racer,0.9329118668319563,1,0.9,1,0.0,0.3964875434035814,0.325,-1,0.15,0.0,0.7843387890632233
1583230,High On Life,0.8865782040186743,1,1,1,0.0,0.37679573670793653,0.325,-1,0.15,0.0,0.8517957367079366
1659040,HITMAN World of Assassination,0.8683377971562207,1,0.9,1,0,0.3690435637913938,0.325,-1,0.15,0.0,0.7596392074122544
1730590,The Entropy Centre,0.884261481426796,1,0.9,1,0.0,0.3758111296063883,0.325,-1,0.15,0.0,0.7657300166457496
1920490,The Outer Worlds: Spacer's Choice Edition,0.7515654060179826,1,1,1,0.0,0.3194152975576426,0.325,-1,0.15,0.0,0.7944152975576426
2356560,Monster Hunter Stories,0.8924475046014811,1,0.9,1,0.027542518763340906,0.3792901894556295,0.325,-1,0.15,0.002754251876334091,0.7713399971987672
2362420,Mass Effect 2 (2010) Edition,0.739024512643256,1,0.9,1,0.0,0.3140854178733838,0.325,-1,0.15,0.0,0.7101768760860454
