qid,name,favorability,critic_score,protonDB_rating,personal_interest,completion,favorability_weighted,critic_score_weighted,protonDB_rating_weighted,personal_interest_weighted,completion_weighted,final_score
Q279744,Half-Life,0.9641835538198053,0.96,1.0,1,0.044949136503430326,0.3856734215279221,0.2592,n/a,0.2,0.005843387745445942,0.850716809273368
Q193581,Half-Life 2,0.9754826426954344,0.96,1.0,1,0.22848601323937648,0.39019305707817376,0.2592,n/a,0.2,0.029703181721118944,0.8790962387992928
Q1325680,Half-Life 2: Deathmatch,0.9030857868164986,0.0,1.0,1,0.0,0.3612343147265995,0.0,n/a,0.2,0.0,0.5612343147265995
Q55354219,Half-Life Deathmatch: Source,0.7437790195778312,0.0,1.0,1,0.0,0.2975116078311325,0.0,n/a,0.2,0.0,0.4975116078311325
Q274897,Portal,0.9847006018531471,0.9,1.0,1,0.6412698412698413,0.3938802407412589,0.24300000000000002,n/a,0.2,0.08336507936507938,0.9202453201063384
Q382108,Team Fortress 2,0.9089697183972422,0.92,1.0,1,0.004086694287083227,0.3635878873588969,0.24840000000000004,n/a,0.2,0.0005312702573208195,0.8125191576162178
Q279446,Portal 2,0.9867182913579438,0.95,1.0,1,1.0,0.3946873165431775,0.2565,n/a,0.2,0.13,0.9811873165431776
Q210552,Darwinia,0.7785903599707718,0.84,1.0,1,0.0,0.3114361439883087,0.2268,n/a,0.2,0.0,0.7382361439883087
Q1703254,Uplink,0.8960223168944252,0.75,0.9,1,0.0,0.35840892675777014,0.2025,n/a,0.2,0.0,0.6848180340819933
Q978362,DEFCON,0.8639496244778021,0.84,0.75,1,0.0,0.3455798497911209,0.2268,n/a,0.2,0.0,0.5792848873433407
Q122705280,DEFCON Beta Demo,0.0,0.0,0.0,1,0.0,0.0,0.0,n/a,0.2,0.0,0.0
Q2656289,Multiwinia,0.7851376372794464,0.76,1.0,1,0.0,0.3140550549117786,0.20520000000000002,n/a,0.2,0.0,0.7192550549117787
Q1755927,Vampire: The Masquerade - Bloodlines,0.9410003776082336,0.8,1.0,1,0.023253110103476336,0.3764001510432935,0.21600000000000003,n/a,0.2,0.0030229043134519236,0.7954230553567453
Q2270204,X2: The Threat,0.7944763308700993,0.72,1.0,1,0.0,0.3177905323480397,0.19440000000000002,n/a,0.2,0.0,0.7121905323480398
Q666156,X3: Reunion,0.6850746127634127,0.71,0.9,1,0.0114778979320812,0.2740298451053651,0.1917,n/a,0.2,0.001492126731170556,0.6004997746528821
Q1321049,X3: Terran Conflict,0.8410696802708051,0.73,0.9,1,0.0,0.33642787210832203,0.1971,n/a,0.2,0.0,0.6601750848974899
Q1190522,X: Beyond the Frontier,0.7033846827459371,0.67,0.9,1,0.0017066011331831523,0.28135387309837484,0.18090000000000003,n/a,0.2,0.0002218581473138098,0.5962281581211198
Q4053285,X-Tension,0.6988179784559733,0.0,0.9,1,0.0,0.2795271913823893,0.0,n/a,0.2,0.0,0.4315744722441504
Q1277009,Psychonauts,0.9462825531213845,0.88,0.9,1,0.0,0.37851302124855385,0.2376,n/a,0.2,0.0,0.7345017191236985
Q837923,Garry's Mod,0.9682974028513323,0.0,0.9,1,0.0,0.38731896114053294,0.0,n/a,0.2,0.0,0.5285870650264797
Q324871,Titan Quest,0.8434179322496592,0.77,1.0,1,0.0,0.33736717289986373,0.20790000000000003,n/a,0.2,0.0,0.7452671728998637
Q500851,Company of Heroes - Legacy Edition,0.9274602328483881,0.93,0.9,1,0.0,0.37098409313935526,0.25110000000000005,n/a,0.2,0.0,0.7398756838254199
Q1061708,"Warhammer 40,000: Dawn of War - Anniversary Edition ",0.9420808900655997,0.86,1.0,1,0.0,0.3768323560262399,0.23220000000000002,n/a,0.2,0.0,0.8090323560262398
Q1330808,"Warhammer 40,000: Dawn of War - Dark Crusade",0.9589068549719225,0.87,0.9,1,0.0,0.38356274198876905,0.23490000000000003,n/a,0.2,0.0,0.7366164677898922
Q2575966,Natural Selection 2,0.8446249272922384,0.8,1.0,1,0.0,0.3378499709168954,0.21600000000000003,n/a,0.2,0.0,0.7538499709168953
Q55295,STAR WARS™ Jedi Knight: Jedi Academy™,0.9566696385669069,0.81,0.9,1,0.03807850029291154,0.3826678554267628,0.21870000000000003,n/a,0.2,0.0049502050380785,0.7256862544183573
Q55298,STAR WARS™ Jedi Knight II: Jedi Outcast™,0.9028562797746209,0.89,1.0,1,0.0,0.36114251190984836,0.2403,n/a,0.2,0.0,0.8014425119098483
Q4049368,Shank,0.8933895095853721,0.71,1.0,1,0.0,0.3573558038341489,0.1917,n/a,0.2,0.0,0.7490558038341488
Q644793,Deus Ex: Game of the Year Edition,0.9444280332834368,0.9,1.0,1,0.543945199117613,0.37777121331337477,0.24300000000000002,n/a,0.2,0.07071287588528968,0.8914840891986646
Q795360,Thief: Deadly Shadows,0.7931282521296393,0.82,1.0,1,0.0,0.31725130085185577,0.2214,n/a,0.2,0.0,0.7386513008518558
Q665785,Tomb Raider: Legend,0.8659109641186401,0.8,1.0,1,0.0,0.3463643856474561,0.21600000000000003,n/a,0.2,0.0,0.762364385647456
Q2631793,Railroad Tycoon 3,0.7516705495509718,0.8,1.0,1,0.0,0.3006682198203887,0.21600000000000003,n/a,0.2,0.0,0.7166682198203886
Q580667,Tomb Raider: Anniversary,0.8069896244360636,0.77,1.0,1,0.025219298245614037,0.32279584977442544,0.20790000000000003,n/a,0.2,0.003278508771929825,0.7339743585463552
Q915860,Tomb Raider: Underworld,0.7546417278973014,0.76,0.9,1,0.0,0.3018566911589206,0.20520000000000002,n/a,0.2,0.0,0.6363510220430286
Q1114167,Just Cause 2,0.9031874832851877,0.81,0.9,1,0.0,0.3612749933140751,0.21870000000000003,n/a,0.2,0.0,0.7019774939826676
Q135448928,Strong Bad Episode 1: Homestar Ruiner,0.9044645705856753,0.0,0.9,1,0.0,0.36178582823427013,0.0,n/a,0.2,0.0,0.5056072454108431
Q135448929,Strong Bad Episode 2: Strong Badia the Free,0.7712040772176841,0.0,1.0,1,0.0,0.3084816308870737,0.0,n/a,0.2,0.0,0.5084816308870737
Q135448930,Strong Bad Episode 3: Baddest of the Bands,0.6803916324485767,0.0,1.0,1,0.0,0.2721566529794307,0.0,n/a,0.2,0.0,0.4721566529794307
Q135448931,Strong Bad Episode 4: Dangeresque 3,0.7283255295714138,0.0,0.9,1,0.0,0.29133021182856556,0.0,n/a,0.2,0.0,0.442197190645709
Q135448932,Strong Bad Episode 5: 8-Bit Is Enough,0.7177558259368491,0.82,0.9,1,0.0,0.28710233037473964,0.2214,n/a,0.2,0.0,0.6376520973372658
Q2074746,BioShock Infinite,0.9335284221352592,0.94,1.0,1,1.0,0.3734113688541037,0.2538,n/a,0.2,0.13,0.9572113688541036
Q2388343,Freedom Force,0.5270666136263232,0.9,1.0,1,0.0,0.21082664545052932,0.24300000000000002,n/a,0.2,0.0,0.6538266454505293
Q2440,Freedom Force vs. the 3rd Reich,0.8154011724008583,0.86,0.75,1,0.0,0.32616046896034334,0.23220000000000002,n/a,0.2,0.0,0.5687703517202576
Q2385,Sid Meier's Civilization V,0.9550377396510237,0.9,0.9,1,0.14516172470442487,0.3820150958604095,0.24300000000000002,n/a,0.2,0.018871024211575233,0.7594975080647862
Q893423,Borderlands GOTY,0.8938570638096184,0.84,0.9,1,1.0,0.35754282552384736,0.2268,n/a,0.2,0.13,0.8229085429714627
Q1154938,"Warhammer 40,000: Dawn of War - Winter Assault",0.8666277129904127,0.85,1.0,1,0.0,0.3466510851961651,0.2295,n/a,0.2,0.0,0.776151085196165
Q923500,Company of Heroes: Opposing Fronts,0.9013147735649658,0.87,1.0,1,0.0,0.36052590942598634,0.23490000000000003,n/a,0.2,0.0,0.7954259094259863
Q1367520,"Warhammer 40,000: Dawn of War - Soulstorm",0.9465175148531026,0.0,1.0,1,0.0,0.3786070059412411,0.0,n/a,0.2,0.0,0.5786070059412411
Q473852,Prototype,0.7967050760935157,0.78,1.0,1,0.2181818181818182,0.3186820304374063,0.2106,n/a,0.2,0.028363636363636365,0.7576456668010427
Q1187668,Overlord,0.9293651094083887,0.76,0.9,1,0.0,0.3717460437633555,0.20520000000000002,n/a,0.2,0.0,0.69925143938702
Q758900,Audiosurf,0.9529150473352649,0.85,0.9,1,0.2236770321876705,0.38116601893410595,0.2295,n/a,0.2,0.029078014184397163,0.7557696298066529
Q200864,Assassin's Creed,0.8017533495676283,0.81,1.0,1,1.0,0.32070133982705135,0.21870000000000003,n/a,0.2,0.13,0.8694013398270514
Q926355,"Warhammer 40,000: Dawn of War II - Anniversary Edition",0.8720714871236009,0.85,1.0,1,0.2724795640326976,0.3488285948494404,0.2295,n/a,0.2,0.035422343324250684,0.8137509381736912
Q1777409,F.E.A.R. 2: Project Origin,0.8403965102813203,0.77,1.0,1,0.21431305013394564,0.3361586041125282,0.20790000000000003,n/a,0.2,0.027860696517412933,0.7719193006299411
Q2659257,Global Agenda,0.8245664878321459,0.7,0.75,1,0.04734591876674796,0.3298265951328584,0.189,n/a,0.2,0.0061549694396772344,0.5437361734294016
Q526350,Mirror's Edge,0.8737703626056693,0.79,1.0,1,0.0,0.34950814504226774,0.21330000000000002,n/a,0.2,0.0,0.7628081450422677
Q275960,Mass Effect (2007),0.9325038123037664,0.91,1.0,1,0.026502830984218767,0.3730015249215066,0.24570000000000003,n/a,0.2,0.00344536802794844,0.8221468929494551
Q729074,Dead Space (2008),0.9153727651608988,0.89,1.0,1,0.015491866769945779,0.3661491060643596,0.2403,n/a,0.2,0.0020139426800929515,0.8084630487444524
Q31728109,"On the Rain-Slick Precipice of Darkness, Episode One",0.8585579534083129,0.0,1.0,1,0.0,0.34342318136332517,0.0,n/a,0.2,0.0,0.5434231813633252
Q31728164,"On the Rain-Slick Precipice of Darkness, Episode Two",0.7939430617334484,0.0,1.0,1,0.0,0.3175772246933794,0.0,n/a,0.2,0.0,0.5175772246933794
Q489583,And Yet It Moves,0.6768879393506403,0.83,1.0,1,0.0,0.27075517574025615,0.2241,n/a,0.2,0.0,0.6948551757402561
Q852583,Prince of Persia,0.7744755736470516,0.0,0.9,1,0.011761938367442954,0.3097902294588206,0.0,n/a,0.2,0.0015290519877675841,0.46018735330192934
Q2446562,Company of Heroes: Tales of Valor,0.9148006984550082,0.7,0.9,1,0.0,0.36592027938200333,0.189,n/a,0.2,0.0,0.679428251443803
Q1051585,"Warhammer 40,000: Dawn of War II - Chaos Rising",0.898897053470078,0.84,0.75,1,0.0,0.3595588213880312,0.2268,n/a,0.2,0.0,0.5897691160410234
Q917272,The Witcher 2: Assassins of Kings Enhanced Edition,0.8975668502575503,0.88,1.0,1,0.024538106235565817,0.35902674010302016,0.2376,n/a,0.2,0.0031899538106235563,0.7998166939136439
Q74545,LEGO® Batman™: The Videogame,0.8902756274141843,0.76,0.9,1,0.0,0.3561102509656737,0.20520000000000002,n/a,0.2,0.0,0.6851792258691064
Q817163,F.E.A.R.,0.9333450806708578,0.88,1.0,1,0.0,0.3733380322683431,0.2376,n/a,0.2,0.0,0.810938032268343
Q2004413,F.E.A.R. 3,0.6996917869335967,0.75,1.0,1,0.0,0.2798767147734387,0.2025,n/a,0.2,0.0,0.6823767147734388
Q775655,F.E.A.R.: Extraction Point,0.8552893633100598,0.0,0.75,1,0.0,0.34211574532402395,0.0,n/a,0.2,0.0,0.40658680899301797
Q2569879,F.E.A.R.: Perseus Mandate,0.8434711746174999,0.61,0.9,1,0.0,0.337388469847,0.1647,n/a,0.2,0.0,0.6318796228623
Q1067207,LEGO® Harry Potter: Years 1-4,0.8640386235669895,0.79,0.9,1,0.019201228878648235,0.3456154494267958,0.21330000000000002,n/a,0.2,0.0024961597542242707,0.685270448262918
Q637312,World of Goo,0.9383704735948607,0.9,1.0,1,0.0,0.3753481894379443,0.24300000000000002,n/a,0.2,0.0,0.8183481894379443
Q718448,The Elder Scrolls III: Morrowind,0.9500888262577364,0.87,1.0,1,0.010159697748991968,0.3800355305030946,0.23490000000000003,n/a,0.2,0.001320760707368956,0.8162562912104635
Q49607,The Elder Scrolls IV: Oblivion Game of the Year Edition (2009),0.9485234895329548,0.94,1.0,1,0.906394846413701,0.37940939581318195,0.2538,n/a,0.2,0.11783133003378114,0.951040725846963
Q753749,Fallout: New Vegas,0.9591854930007674,0.84,1.0,1,1.0,0.383674197200307,0.2268,n/a,0.2,0.13,0.9404741972003069
Q3570057,Worms Reloaded,0.8631108175779537,0.79,1.0,1,0.047046120623168285,0.3452443270311815,0.21330000000000002,n/a,0.2,0.006115995681011877,0.7646603227121934
Q725057,Mass Effect 2 (2010),0.937051540565018,0.96,0.9,1,1.0,0.37482061622600726,0.2592,n/a,0.2,0.13,0.8676185546034066
Q2981867,Cogs,0.8607685695133782,0.73,0.0,1,0.0,0.3443074278053513,0.1971,n/a,0.2,0.0,0.0
Q897376,Braid,0.9270378414060664,0.93,0.9,1,0.0,0.3708151365624266,0.25110000000000005,n/a,0.2,0.0,0.739723622906184
Q1139201,Crayon Physics Deluxe,0.8395699160245679,0.79,1.0,1,0.0749063670411985,0.33582796640982715,0.21330000000000002,n/a,0.2,0.009737827715355805,0.758865794125183
Q286737,The Path,0.7623550799482087,0.79,0.75,1,0.02961082910321489,0.3049420319792835,0.21330000000000002,n/a,0.2,0.003849407783417936,0.541568579822026
Q642107,Deus Ex: Human Revolution,0.9910758911162194,0.89,0.9,1,1.0,0.3964303564464878,0.2403,n/a,0.2,0.13,0.8700573208018391
Q1495152,Osmos,0.8415245831042271,0.8,1.0,1,0.0,0.33660983324169086,0.21600000000000003,n/a,0.2,0.0,0.7526098332416908
Q66823427,Sam & Max 301: The Penal Zone,0.8740384790017479,0.0,0.9,1,0.0,0.3496153916006992,0.0,n/a,0.2,0.0,0.49465385244062926
Q107424266,Sam & Max 302: The Tomb of Sammun-Mak,0.7857180674970731,0.0,1.0,1,0.0,0.31428722699882927,0.0,n/a,0.2,0.0,0.5142872269988292
Q107424267,Sam & Max 303: They Stole Max's Brain!,0.8251276663627339,0.0,1.0,1,0.0,0.3300510665450936,0.0,n/a,0.2,0.0,0.5300510665450936
Q107424269,Sam & Max 304: Beyond the Alley of the Dolls,0.8050790434713212,0.0,1.0,1,0.0,0.3220316173885285,0.0,n/a,0.2,0.0,0.5220316173885284
Q107424270,Sam & Max 305: The City that Dares not Sleep,0.8407538217792032,0.0,1.0,1,0.0,0.3363015287116813,0.0,n/a,0.2,0.0,0.5363015287116812
Q2127932,Puzzle Agent,0.8792601049140089,0.7,1.0,1,0.0,0.35170404196560356,0.189,n/a,0.2,0.0,0.7407040419656035
Q1963135,Poker Night at the Inventory (2010 Original Version),0.8936042766557184,0.77,1.0,1,0.0,0.35744171066228736,0.20790000000000003,n/a,0.2,0.0,0.7653417106622873
Q613511,Back to the Future: Ep 1 - It's About Time,0.8697485342551835,0.66,1.0,1,0.0,0.34789941370207345,0.17820000000000003,n/a,0.2,0.0,0.7260994137020735
Q725902,STAR WARS™ Knights of the Old Republic™,0.9079834097440467,0.94,0.9,1,0.04603044389754808,0.3631933638976187,0.2538,n/a,0.2,0.005983957706681251,0.74067958944387
Q55291,STAR WARS™ Jedi Knight: Dark Forces II,0.7914795946434773,0.91,1.0,1,0.0,0.3165918378573909,0.24570000000000003,n/a,0.2,0.0,0.7622918378573909
Q55301,STAR WARS™ Jedi Knight: Mysteries of the Sith™,0.6338440452512399,0.0,1.0,1,0.0,0.25353761810049597,0.0,n/a,0.2,0.0,0.453537618100496
Q55287,STAR WARS™: Dark Forces,0.874806922716309,0.0,1.0,1,0.018080210387902692,0.34992276908652364,0.0,n/a,0.2,0.00235042735042735,0.5522731964369509
Q55214,LEGO® Star Wars™: The Complete Saga,0.9648961263548524,0.78,1.0,1,0.1815323041738136,0.385958450541941,0.2106,n/a,0.2,0.023599199542595768,0.8201576500845368
Q55228,LEGO® Star Wars™ III: The Clone Wars™,0.9430674291260605,0.75,0.9,1,0.0,0.3772269716504242,0.2025,n/a,0.2,0.0,0.7017542744853819
Q1440462,The Lord of the Rings: War in the North,0.8078922761461506,0.61,1.0,1,1.0,0.32315691045846023,0.1647,n/a,0.2,0.13,0.8178569104584602
Q907508,Tom Clancy's Splinter Cell: Conviction,0.7099405864719974,0.85,1.0,1,0.0,0.283976234588799,0.2295,n/a,0.2,0.0,0.713476234588799
Q211735,Assassin's Creed II,0.8919928312075103,0.9,1.0,1,0.30871284602627885,0.35679713248300415,0.24300000000000002,n/a,0.2,0.040132669983416254,0.8399298024664205
Q917588,Prince of Persia: The Forgotten Sands,0.6898121809168181,0.74,1.0,1,0.0,0.27592487236672725,0.1998,n/a,0.2,0.0,0.6757248723667273
Q746228,Batman: Arkham Asylum GOTY Edition,0.9620191118195275,0.92,1.0,1,0.4314204314204314,0.38480764472781104,0.24840000000000004,n/a,0.2,0.056084656084656084,0.8892923008124672
Q2632229,Trine 2,0.9497928705724394,0.84,1.0,1,0.6686798964624676,0.3799171482289758,0.2268,n/a,0.2,0.08692838654012079,0.8936455347690967
Q914334,Toki Tori,0.8637119550298339,0.79,1.0,1,1.0,0.34548478201193356,0.21330000000000002,n/a,0.2,0.13,0.8887847820119336
Q3047547,EDGE,0.9075072983853746,0.0,1.0,1,0.0,0.36300291935414986,0.0,n/a,0.2,0.0,0.5630029193541499
Q1513013,Risen,0.8822225143987604,0.6,1.0,1,0.0,0.3528890057595042,0.162,n/a,0.2,0.0,0.7148890057595043
Q1784048,Super Meat Boy,0.940272090715931,0.9,1.0,1,0.015550676911818514,0.3761088362863724,0.24300000000000002,n/a,0.2,0.002021587998536407,0.8211304242849089
Q2636097,Serious Sam 3: BFE,0.8782344618598841,0.72,0.9,1,0.0,0.3512937847439537,0.19440000000000002,n/a,0.2,0.0,0.6711244062695584
Q4040378,Hammerfight,0.7101554631762785,0.0,0.9,1,0.0,0.2840621852705114,0.0,n/a,0.2,0.0,0.4356559667434603
Q201792,Torchlight,0.9000257267317379,0.81,1.0,1,0.0,0.3600102906926952,0.21870000000000003,n/a,0.2,0.0,0.7787102906926953
Q3115716,Gratuitous Space Battles,0.6723991584556075,0.72,0.5,1,0.5903866248693835,0.26895966338224303,0.19440000000000002,n/a,0.2,0.07675026123301987,0.37005496230763146
Q7715624,The Bard's Tale,0.7283580828798182,0.0,0.75,1,0.0,0.2913432331519273,0.0,n/a,0.2,0.0,0.3685074248639455
Q1416194,Magicka,0.8501860906885764,0.74,0.9,1,0.28102564102564104,0.3400744362754306,0.1998,n/a,0.2,0.036533333333333334,0.6987669926478876
Q162751,Metro 2033,0.9234207623181446,0.77,1.0,1,0.06904170118751726,0.36936830492725786,0.20790000000000003,n/a,0.2,0.008975421154377244,0.7862437260816352
Q569898,Metro: Last Light Complete Edition,0.9334457871644217,0.82,0.9,1,0.01095690284879474,0.3733783148657687,0.2214,n/a,0.2,0.0014243973703433163,0.7165824410125009
Q842431,Dead Space 2,0.9369732690278711,0.57,1.0,1,0.08260869565217391,0.3747893076111485,0.1539,n/a,0.2,0.010739130434782609,0.7394284380459311
Q1339030,LIMBO,0.9205129358444262,0.9,1.0,1,0.0,0.3682051743377705,0.24300000000000002,n/a,0.2,0.0,0.8112051743377706
Q677351,Assassin's Creed Brotherhood,0.8801161425531516,0.89,0.9,1,0.0,0.3520464570212607,0.2403,n/a,0.2,0.0,0.7131118113191346
Q2796462,Greed Corp,0.8303098972832443,0.79,1.0,1,0.0,0.33212395891329777,0.21330000000000002,n/a,0.2,0.0,0.7454239589132978
Q6730529,Magic: The Gathering — Duels of the Planeswalkers 2012,0.8566028112886147,0.0,0.9,1,0.08462211847096585,0.3426411245154459,0.0,n/a,0.2,0.01100087540122556,0.49827779992500426
Q893422,Borderlands 2,0.8938841821700271,0.89,1.0,1,1.0,0.3575536728680109,0.2403,n/a,0.2,0.13,0.9278536728680108
Q2892925,Beat Hazard,0.940805797925311,0.7,1.0,1,0.04809013465237703,0.37632231917012443,0.189,n/a,0.2,0.0062517175048090136,0.7715740366749334
Q59154,Mafia II (Classic),0.9366815817879053,0.74,1.0,1,0.0,0.37467263271516216,0.1998,n/a,0.2,0.0,0.7744726327151621
Q962443,Spec Ops: The Line,0.931782844652331,0.76,1.0,1,0.0,0.3727131378609324,0.20520000000000002,n/a,0.2,0.0,0.7779131378609325
Q1166313,Darksiders,0.8857487158212632,0.83,0.9,1,0.0,0.35429948632850533,0.2241,n/a,0.2,0.0,0.7005595376956548
Q2560167,Red Faction: Armageddon,0.7149054489734231,0.71,0.9,1,0.0,0.28596217958936926,0.1917,n/a,0.2,0.0,0.6098959616304325
Q1801455,Saints Row: The Third,0.9549536884979175,0.84,0.9,1,0.12610646295622652,0.38198147539916705,0.2268,n/a,0.2,0.01639384018430945,0.7426577840251289
Q1086249,"Warhammer 40,000: Dawn of War II - Retribution",0.8990275054938227,0.0,0.9,1,0.0,0.3596110021975291,0.0,n/a,0.2,0.0,0.5036499019777763
Q22986,Amnesia: The Dark Descent,0.9434569280733804,0.85,1.0,1,0.0,0.3773827712293522,0.2295,n/a,0.2,0.0,0.8068827712293523
Q4973485,Broken Sword 1 - Shadow of the Templars: Director's Cut (2009),0.9223262334460696,0.74,1.0,1,0.0,0.36893049337842787,0.1998,n/a,0.2,0.0,0.7687304933784278
Q962129,Duke Nukem Forever,0.6843362287035706,0.49,1.0,1,0.0,0.27373449148142825,0.1323,n/a,0.2,0.0,0.6060344914814282
Q2462284,Blood Bowl: Legendary Edition,0.7284468463597683,0.73,0.9,1,0.0,0.29137873854390733,0.1971,n/a,0.2,0.0,0.6196308646895166
Q2085997,Wargame: European Escalation,0.7649155695925837,0.81,0.9,1,0.0,0.3059662278370335,0.21870000000000003,n/a,0.2,0.0,0.6521996050533302
Q5874537,HOARD,0.7844583043481772,0.65,0.0,1,0.0,0.3137833217392709,0.17550000000000002,n/a,0.2,0.0,0.0
Q2904848,BIT.TRIP BEAT,0.7779857390344076,0.8,1.0,1,0.0,0.31119429561376305,0.21600000000000003,n/a,0.2,0.0,0.7271942956137631
Q2904853,BIT.TRIP RUNNER,0.8455799912792422,0.76,0.9,1,0.0,0.3382319965116969,0.20520000000000002,n/a,0.2,0.0,0.6690887968605272
Q766077,Dungeon Defenders,0.9280376534132417,0.77,0.9,1,0.0,0.3712150613652967,0.20790000000000003,n/a,0.2,0.0,0.701203555228767
Q4053292,The Bureau: XCOM Declassified,0.6931972683471485,0.66,1.0,1,0.0,0.2772789073388594,0.17820000000000003,n/a,0.2,0.0,0.6554789073388594
Q245749,The Darkness II,0.911884579353569,0.8,1.0,1,0.0,0.3647538317414276,0.21600000000000003,n/a,0.2,0.0,0.7807538317414275
Q5766,VVVVVV,0.9583110026435715,0.83,1.0,1,0.0,0.3833244010574286,0.2241,n/a,0.2,0.0,0.8074244010574285
Q16273337,Evochron Mercenary,0.7289148601533932,0.7,0.75,1,0.0,0.29156594406135733,0.189,n/a,0.2,0.0,0.510424458046018
Q323862,The Elder Scrolls V: Skyrim,0.947161243256937,0.96,0.9,1,1.0,0.3788644973027748,0.2592,n/a,0.2,0.13,0.8712580475724974
Q2067185,Anomaly Warzone Earth,0.8598687619884181,0.8,1.0,1,0.0,0.3439475047953673,0.21600000000000003,n/a,0.2,0.0,0.7599475047953672
Q2617354,Sanctum,0.8823549541617397,0.7,1.0,1,0.37980589772303097,0.3529419816646959,0.189,n/a,0.2,0.04937476670399403,0.7913167483686899
Q3492558,SpaceChem,0.9137553704809217,0.84,0.9,1,0.10440562319863537,0.3655021481923687,0.2268,n/a,0.2,0.0135727310158226,0.7252873912873721
Q3161507,Jamestown,0.9304118713009719,0.81,1.0,1,0.0,0.3721647485203888,0.21870000000000003,n/a,0.2,0.0,0.7908647485203888
Q4034780,Back to the Future: Ep 2 - Get Tannen!,0.8333517476611362,0.74,1.0,1,0.0,0.3333406990644545,0.1998,n/a,0.2,0.0,0.7331406990644544
Q4034779,Back to the Future: Ep 3 - Citizen Brown,0.8475531201326707,0.71,1.0,1,0.0,0.3390212480530683,0.1917,n/a,0.2,0.0,0.7307212480530683
Q4034782,Back to the Future: Ep 4 - Double Visions,0.8300686944284675,0.71,1.0,1,0.0,0.332027477771387,0.1917,n/a,0.2,0.0,0.7237274777713871
Q4034783,Back to the Future: Ep 5 - OUTATIME,0.8585913843139413,0.75,1.0,1,0.0,0.3434365537255766,0.2025,n/a,0.2,0.0,0.7459365537255767
Q6093497,Puzzle Agent 2,0.8528423623751064,0.63,1.0,1,0.0,0.34113694495004254,0.1701,n/a,0.2,0.0,0.7112369449500426
Q16266664,Solar 2,0.8969121744860892,0.72,1.0,1,0.0,0.35876486979443567,0.19440000000000002,n/a,0.2,0.0,0.7531648697944358
Q4039041,Frozen Synapse,0.8124653781714416,0.85,1.0,1,0.026746907388833167,0.32498615126857666,0.2295,n/a,0.2,0.003477097960548312,0.7579632492291251
Q2782635,Dungeons of Dredmor,0.9317012572186544,0.79,0.9,1,0.0,0.3726805028874618,0.21330000000000002,n/a,0.2,0.0,0.7073824525987157
Q29884355,NightSky,0.8655758788656513,0.75,1.0,1,0.0,0.3462303515462606,0.2025,n/a,0.2,0.0,0.7487303515462607
Q940775,Kingdoms of Amalur: Reckoning™,0.8734780194338085,0.8,1.0,1,0.0002865165320038966,0.34939120777352345,0.21600000000000003,n/a,0.2,3.724714916050656e-05,0.765428454922684
Q1067214,Orcs Must Die!,0.9545286098497081,0.79,1.0,1,0.0,0.38181144393988325,0.21330000000000002,n/a,0.2,0.0,0.7951114439398832
Q332697,Terraria,0.973627237350726,0.81,1.0,1,0.16453084274543875,0.3894508949402904,0.21870000000000003,n/a,0.2,0.02138900955690704,0.8295399044971975
Q810662,Bastion,0.9506617875736729,0.86,1.0,1,0.0,0.3802647150294692,0.23220000000000002,n/a,0.2,0.0,0.8124647150294693
Q71729150,Breath of Death VII ,0.8175035405077455,0.0,1.0,1,0.0,0.32700141620309825,0.0,n/a,0.2,0.0,0.5270014162030983
Q22662941,Cthulhu Saves the World ,0.9083680975980205,0.78,0.9,1,0.0,0.36334723903920824,0.2106,n/a,0.2,0.0,0.6965525151352874
Q7800668,Ticket to Ride,0.8458058568401277,0.7,0.9,1,0.0,0.3383223427360511,0.189,n/a,0.2,0.0,0.654590108462446
Q671152,Crysis 2 Maximum Edition,0.8476117638598419,0.84,1.0,1,0.1625,0.3390447055439368,0.2268,n/a,0.2,0.021125,0.7869697055439367
Q3467448,Guardians of Middle-earth,0.22126620790711432,0.71,1.0,1,0.0,0.08850648316284573,0.1917,n/a,0.2,0.0,0.48020648316284575
Q3320085,Monaco,0.8993629106038211,0.83,0.9,1,0.0,0.35974516424152847,0.2241,n/a,0.2,0.0,0.7054606478173757
Q288811,Batman: Arkham City GOTY,0.9603288516173777,0.94,1.0,1,0.0,0.3841315406469511,0.2538,n/a,0.2,0.0,0.8379315406469512
Q26097,XCOM: Enemy Unknown,0.9298369642928694,0.89,1.0,1,0.07290294246815986,0.3719347857171478,0.2403,n/a,0.2,0.009477382520860781,0.8217121682380085
Q226805,Torchlight II,0.9240244993514113,0.88,1.0,1,1.0,0.3696097997405645,0.2376,n/a,0.2,0.13,0.9372097997405645
Q1051853,Cave Story+,0.9232620066477831,0.88,0.9,1,0.0,0.36930480265911325,0.2376,n/a,0.2,0.0,0.7262143223932019
Q14124718,X3: Albion Prelude,0.9121116769558876,0.75,0.75,1,0.0,0.36484467078235505,0.2025,n/a,0.2,0.0,0.5755085030867663
Q13220119,Toki Tori 2+,0.8294880003023625,0.76,1.0,1,0.0,0.331795200120945,0.20520000000000002,n/a,0.2,0.0,0.736995200120945
Q765239,Orcs Must Die! 2,0.9196086824906967,0.83,0.9,1,0.45650730411686585,0.36784347299627873,0.2241,n/a,0.2,0.059345949535192566,0.7661604802783241
Q2368168,Jurassic Park: The Game,0.6735060264532927,0.54,0.9,1,0.0,0.2694024105813171,0.1458,n/a,0.2,0.0,0.5536821695231855
Q739654,Assassin's Creed Revelations,0.8389278662499314,0.8,1.0,1,0.0,0.3355711464999726,0.21600000000000003,n/a,0.2,0.0,0.7515711464999726
Q71730105,Dynamite Jack,0.8216772856441308,0.0,0.0,1,0.0,0.3286709142576523,0.0,n/a,0.2,0.0,0.0
Q1757876,Tomb Raider,0.9596256544809442,0.86,1.0,1,1.0,0.3838502617923777,0.23220000000000002,n/a,0.2,0.13,0.9460502617923777
Q2071060,Superbrothers: Sword & Sworcery EP,0.7576471276914116,0.86,0.9,1,0.0,0.30305885107656466,0.23220000000000002,n/a,0.2,0.0,0.6617329659689083
Q1341780,LEGO® Harry Potter: Years 5-7,0.8806687289404291,0.77,1.0,1,0.0,0.35226749157617165,0.20790000000000003,n/a,0.2,0.0,0.7601674915761716
Q2067220,Confrontation,0.21842915645344355,0.51,0.9,1,0.0,0.08737166258137742,0.13770000000000002,n/a,0.2,0.0,0.38256449632323974
Q323264,Dishonored,0.9753054940222927,0.8,1.0,1,1.0,0.3901221976089171,0.21600000000000003,n/a,0.2,0.13,0.936122197608917
Q4044539,Mortal Kombat Kollection,0.5248593445246593,0.62,0.75,1,0.0,0.20994373780986375,0.16740000000000002,n/a,0.2,0.0,0.43300780335739786
Q2667499,The Testament of Sherlock Holmes,0.7893415605555559,0.64,0.9,1,0.0,0.3157366242222224,0.1728,n/a,0.2,0.0,0.6196829618000002
Q4041418,Insanely Twisted Shadow Planet,0.8486524307243701,0.76,1.0,1,0.0,0.3394609722897481,0.20520000000000002,n/a,0.2,0.0,0.7446609722897481
Q15729139,Gunpoint,0.9725228626310596,0.83,1.0,1,0.0,0.38900914505242384,0.2241,n/a,0.2,0.0,0.8131091450524239
Q1711379,To the Moon,0.9603710686292186,0.81,1.0,1,0.0,0.3841484274516875,0.21870000000000003,n/a,0.2,0.0,0.8028484274516876
Q4697670,AirMech,0.8339212982509814,0.73,0.9,1,0.0,0.33356851930039255,0.1971,n/a,0.2,0.0,0.6576016673703533
Q1812427,Legend of Grimrock,0.9295298031802273,0.82,1.0,1,0.3675876555178543,0.37181192127209095,0.2214,n/a,0.2,0.04778639521732106,0.840998316489412
Q939588,The Walking Dead,0.9721175321567097,0.89,1.0,1,0.0,0.3888470128626839,0.2403,n/a,0.2,0.0,0.8291470128626839
Q5237686,ENDLESS Space™ - Definitive Edition,0.7982055640239126,0.77,1.0,1,0.0,0.3192822256095651,0.20790000000000003,n/a,0.2,0.0,0.727182225609565
Q40166,Assassin's Creed® III,0.7298419916884266,0.84,0.9,1,0.0,0.29193679667537065,0.2268,n/a,0.2,0.0,0.6468631170078336
Q74669,STAR WARS™ Knights of the Old Republic™ II: The Sith Lords™,0.9326568489759934,0.86,1.0,1,0.45573235414116686,0.3730627395903974,0.23220000000000002,n/a,0.2,0.05924520603835169,0.864507945628749
Q400488,Game of Thrones ,0.7068166925642889,0.52,1.0,1,0.0,0.2827266770257156,0.14040000000000002,n/a,0.2,0.0,0.6231266770257156
Q7623793,Strike Suit Zero,0.7511475782239724,0.66,0.0,1,0.03274087932647334,0.30045903128958895,0.17820000000000003,n/a,0.2,0.004256314312441534,0.0
Q3071522,Fieldrunners,0.6112778177907813,0.81,1.0,1,0.0,0.2445111271163125,0.21870000000000003,n/a,0.2,0.0,0.6632111271163126
Q22262157,RAW - Realms of Ancient War,0.47568021102542324,0.52,0.9,1,0.0,0.1902720844101693,0.14040000000000002,n/a,0.2,0.0,0.4776048759691524
Q16267641,Splice,0.8448886774019804,0.0,0.9,1,0.0,0.33795547096079215,0.0,n/a,0.2,0.0,0.4841599238647129
Q2617696,Lone Survivor: The Director's Cut,0.8290113707924436,0.81,1.0,1,0.0,0.33160454831697744,0.21870000000000003,n/a,0.2,0.0,0.7503045483169775
Q22262072,Spirits,0.6192509815318444,0.0,0.0,1,0.0,0.2477003926127378,0.0,n/a,0.2,0.0,0.0
Q3644856,Sanctum 2,0.8943206384721187,0.77,1.0,1,0.7842239185750636,0.3577282553888475,0.20790000000000003,n/a,0.2,0.10194910941475827,0.8675773648036058
Q1711359,The Witness,0.8395772318554715,0.87,1.0,1,0.03638110928061505,0.33583089274218864,0.23490000000000003,n/a,0.2,0.004729544206479956,0.7754604369486687
Q1166232,DARK SOULS™: Prepare To Die Edition,0.9130152174986722,0.85,1.0,1,0.0,0.3652060869994689,0.2295,n/a,0.2,0.0,0.7947060869994689
Q4308783,FTL: Faster Than Light,0.9497674186892607,0.84,1.0,1,0.13915143877336694,0.3799069674757043,0.2268,n/a,0.2,0.018089687040537702,0.8247966545162421
Q133729094,Penny Arcade's On the Rain-Slick Precipice of Darkness 3,0.8260719471896827,0.0,1.0,1,0.0,0.3304287788758731,0.0,n/a,0.2,0.0,0.530428778875873
Q112912,LEGO® Batman™ 2: DC Super Heroes,0.9429339479848103,0.79,1.0,1,0.0,0.37717357919392414,0.21330000000000002,n/a,0.2,0.0,0.7904735791939241
Q2082291,LEGO® The Lord of the Rings™,0.8967131771677702,0.8,1.0,1,0.1073045875172278,0.3586852708671081,0.21600000000000003,n/a,0.2,0.013949596377239614,0.7886348672443477
Q3294300,Mark of the Ninja,0.9673639184922094,0.9,1.0,1,0.03362927091740651,0.3869455673968838,0.24300000000000002,n/a,0.2,0.004371805219262846,0.8343173726161467
Q15725934,Guacamelee! Gold Edition,0.9247533093932899,0.84,1.0,1,0.0,0.369901323757316,0.2268,n/a,0.2,0.0,0.796701323757316
Q4918670,BIT.TRIP Presents... Runner2: Future Legend of Rhythm Alien,0.9063344765306808,0.85,1.0,1,0.0,0.3625337906122723,0.2295,n/a,0.2,0.0,0.7920337906122723
Q7156711,PAYDAY 2,0.8924205407774775,0.79,1.0,1,0.027098522485321633,0.356968216310991,0.21330000000000002,n/a,0.2,0.0035228079230918124,0.7737910242340829
Q1573097,Scribblenauts Unlimited,0.935034344410371,0.73,1.0,1,0.0,0.3740137377641484,0.1971,n/a,0.2,0.0,0.7711137377641484
Q3208174,Don't Starve,0.9645918581794299,0.78,1.0,1,0.0,0.385836743271772,0.2106,n/a,0.2,0.0,0.796436743271772
Q130578,Divinity II: Developer's Cut,0.8388031404417624,0.0,1.0,1,0.0,0.335521256176705,0.0,n/a,0.2,0.0,0.535521256176705
Q4774596,Antichamber,0.9479289980281602,0.82,1.0,1,0.0,0.3791715992112641,0.2214,n/a,0.2,0.0,0.8005715992112641
Q5609186,Grim Dawn,0.9358013419793343,0.83,1.0,1,0.24299065420560748,0.3743205367917337,0.2241,n/a,0.2,0.031588785046728976,0.8300093218384627
Q1471545,Kerbal Space Program,0.9539732015397866,0.88,1.0,1,0.04018425953151034,0.3815892806159147,0.2376,n/a,0.2,0.005223953739096345,0.824413234355011
Q218568,Super Hexagon,0.966593126027373,0.86,1.0,1,0.0,0.3866372504109492,0.23220000000000002,n/a,0.2,0.0,0.8188372504109491
Q16672675,Reus,0.7714235056328765,0.75,1.0,1,0.0,0.30856940225315066,0.2025,n/a,0.2,0.0,0.7110694022531507
Q3762768,Giana Sisters: Twisted Dreams,0.7574245761504005,0.69,1.0,1,0.0,0.30296983046016024,0.1863,n/a,0.2,0.0,0.6892698304601603
Q13648661,Miasmata,0.7489744561530552,0.76,1.0,1,0.0,0.2995897824612221,0.20520000000000002,n/a,0.2,0.0,0.7047897824612221
Q2581523,FEZ,0.9223458513209962,0.89,1.0,1,0.10882708585247884,0.3689383405283985,0.2403,n/a,0.2,0.01414752116082225,0.8233858616892208
Q3205367,Cities in Motion 2,0.5603714374952063,0.72,1.0,1,0.0,0.22414857499808255,0.19440000000000002,n/a,0.2,0.0,0.6185485749980826
Q3894893,Papo & Yo,0.9248234029378044,0.72,1.0,1,0.0,0.36992936117512176,0.19440000000000002,n/a,0.2,0.0,0.7643293611751218
Q500851,Company of Heroes ,0.9274602328483881,0.93,0.9,1,0.0,0.37098409313935526,0.25110000000000005,n/a,0.2,0.0,0.7398756838254199
Q56648216,Full Throttle Remastered,0.9068516408889803,0.77,1.0,1,0.0,0.36274065635559216,0.20790000000000003,n/a,0.2,0.0,0.7706406563555921
Q3132373,Incredipede,0.6804282274193368,0.79,1.0,1,0.0,0.27217129096773474,0.21330000000000002,n/a,0.2,0.0,0.6854712909677347
Q5284389,Divinity: Original Sin (Classic),0.9115041609331106,0.87,0.75,1,0.0,0.36460166437324426,0.23490000000000003,n/a,0.2,0.0,0.5996262482799332
Q71728562,Starseed Pilgrim,0.564365936458522,0.83,1.0,1,0.0,0.2257463745834088,0.2241,n/a,0.2,0.0,0.6498463745834089
Q71732131,Beatbuddy: Tale of the Guardians,0.725730783766157,0.75,0.0,1,0.0,0.2902923135064628,0.2025,n/a,0.2,0.0,0.0
Q119952213,Cities XL Platinum,0.5612673917506784,0.0,0.9,1,0.0,0.22450695670027138,0.0,n/a,0.2,0.0,0.38205626103024426
Q13427428,The Swapper,0.9355978743089369,0.87,0.9,1,0.0,0.3742391497235748,0.23490000000000003,n/a,0.2,0.0,0.7282252347512175
Q7245729,Prison Architect,0.8904115699681577,0.83,1.0,1,0.012294452128477023,0.3561646279872631,0.2241,n/a,0.2,0.001598278776702013,0.7818629067639652
Q12496422,Surgeon Simulator,0.8132361844033008,0.56,1.0,1,0.0,0.32529447376132037,0.15120000000000003,n/a,0.2,0.0,0.6764944737613203
Q7755333,Organ Trail: Director's Cut,0.8691765603186754,0.0,1.0,1,0.03460207612456748,0.3476706241274702,0.0,n/a,0.2,0.004498269896193772,0.552168894023664
Q7460767,Shadowrun Returns,0.8779956140552191,0.76,1.0,1,0.8744498494324763,0.3511982456220877,0.20520000000000002,n/a,0.2,0.11367848042622192,0.8700767260483095
Q13583301,Poker Night 2,0.8687761890974665,0.69,1.0,1,0.0,0.3475104756389866,0.1863,n/a,0.2,0.0,0.7338104756389867
Q16267613,Anodyne,0.8304087601515179,0.75,0.9,1,0.0,0.3321635040606072,0.2025,n/a,0.2,0.0,0.6611971536545465
Q1955277,Tom Clancy's Splinter Cell Blacklist,0.7833663629747687,0.82,0.9,1,0.11461856444945509,0.3133465451899075,0.2214,n/a,0.2,0.014900413378429163,0.6746822627115031
Q682617,Dust: An Elysian Tail,0.9485238218646617,0.83,0.9,1,0.11086474501108648,0.3794095287458647,0.2241,n/a,0.2,0.014412416851441243,0.7361297510375754
Q844183,Dreamfall Chapters,0.8117116675790913,0.67,1.0,1,0.0,0.32468466703163656,0.18090000000000003,n/a,0.2,0.0,0.7055846670316366
Q13417084,Transistor,0.9368987300623572,0.83,1.0,1,0.0,0.3747594920249429,0.2241,n/a,0.2,0.0,0.798859492024943
Q3932528,The Banner Saga,0.8848198766838948,0.8,1.0,1,0.03856350927934442,0.353927950673558,0.21600000000000003,n/a,0.2,0.005013256206314775,0.7749412068798727
Q17183734,Magicka 2,0.8186597302227456,0.69,1.0,1,0.0,0.32746389208909826,0.1863,n/a,0.2,0.0,0.7137638920890983
Q3790509,Path of Exile,0.8892602528691003,0.86,1.0,1,0.003246150992394732,0.3557041011476401,0.23220000000000002,n/a,0.2,0.0004219996290113152,0.7883261007766516
Q4051399,Thief,0.7399266804900801,0.67,1.0,1,0.03531710249474001,0.29597067219603207,0.18090000000000003,n/a,0.2,0.004591223324316202,0.6814618955203482
Q1633410,Wasteland 2,0.8167601683186041,0.8,0.9,1,0.009580032106053545,0.32670406732744167,0.21600000000000003,n/a,0.2,0.0012454041737869608,0.6695545243511057
Q13752449,Rogue Legacy,0.9209624643441102,0.85,0.9,1,0.31499051233396586,0.3683849857376441,0.2295,n/a,0.2,0.040948766603415565,0.7549503771069539
Q15709637,Middle-earth™: Shadow of Mordor™,0.9232597336046448,0.0,1.0,1,0.0,0.36930389344185793,0.0,n/a,0.2,0.0,0.5693038934418579
Q3808649,Joe Danger 2: The Movie,0.5715746333439795,0.82,0.75,1,0.0,0.2286298533375918,0.2214,n/a,0.2,0.0,0.4875223900031939
Q81633916,Talisman: Digital Classic Edition,0.7742521516264368,0.51,1.0,1,0.3089598352214212,0.3097008606505747,0.13770000000000002,n/a,0.2,0.040164778578784754,0.6875656392293595
Q16259371,Crypt of the NecroDancer,0.9524938099984989,0.87,1.0,1,0.0,0.38099752399939957,0.23490000000000003,n/a,0.2,0.0,0.8158975239993995
Q18642577,Dungeon of the ENDLESS™,0.8468523342854052,0.79,1.0,1,0.0,0.3387409337141621,0.21330000000000002,n/a,0.2,0.0,0.752040933714162
Q3662198,LEGO® MARVEL Super Heroes,0.9535336693772033,0.8,1.0,1,0.10347222222222223,0.38141346775088136,0.21600000000000003,n/a,0.2,0.01345138888888889,0.8108648566397701
Q16266633,FORCED,0.725032864356964,0.72,0.0,1,0.0714103545014027,0.29001314574278564,0.19440000000000002,n/a,0.2,0.009283346085182352,0.0
Q46604354,Life Goes On,0.950340765086085,0.77,0.9,1,0.0,0.38013630603443405,0.20790000000000003,n/a,0.2,0.0,0.7092326754309906
Q5427938,The Wolf Among Us,0.9774120454987049,0.85,1.0,1,0.0,0.390964818199482,0.2295,n/a,0.2,0.0,0.820464818199482
Q18758128,Underrail,0.8542235842566593,0.72,1.0,1,0.0,0.34168943370266375,0.19440000000000002,n/a,0.2,0.0,0.7360894337026638
Q4769943,Anomaly Korea,0.754000214782513,0.0,0.9,1,0.0,0.30160008591300524,0.0,n/a,0.2,0.0,0.4514400773217047
Q14753828,7 Days to Die,0.8700844583903028,0.47,0.9,1,0.007008439951090037,0.3480337833561211,0.1269,n/a,0.2,0.0009110971936417048,0.6082603924947865
Q20031743,Rocket League,0.876084156495363,0.85,1.0,1,0.15088905584773352,0.35043366259814523,0.2295,n/a,0.2,0.01961557726020536,0.7995492398583506
Q16267828,Race The Sun,0.9280907531046017,0.79,1.0,1,0.14138817480719795,0.3712363012418407,0.21330000000000002,n/a,0.2,0.018380462724935733,0.8029167639667765
Q107999441,Warmachine Tactics,0.4158435587403635,0.0,0.9,1,0.0,0.16633742349614541,0.0,n/a,0.2,0.0,0.32970368114653087
Q18620506,The Talos Principle,0.9509155246970121,0.85,1.0,1,0.7115928369462771,0.3803662098788049,0.2295,n/a,0.2,0.09250706880301603,0.902373278681821
Q16457556,Hyper Light Drifter,0.9259272270036351,0.84,1.0,1,0.0,0.370370890801454,0.2268,n/a,0.2,0.0,0.7971708908014541
Q737653,Wasteland 1 - The Original Classic,0.7534916404556471,0.0,1.0,1,0.0,0.30139665618225886,0.0,n/a,0.2,0.0,0.5013966561822589
Q3274141,The Walking Dead: Season Two,0.9637639144080518,0.8,1.0,1,0.0,0.3855055657632207,0.21600000000000003,n/a,0.2,0.0,0.8015055657632206
Q17513672,Ori and the Blind Forest,0.9373337645441818,0.88,1.0,1,0.0,0.37493350581767276,0.2376,n/a,0.2,0.0,0.8125335058176728
Q16466659,Borderlands: The Pre-Sequel,0.7849998449788341,0.75,1.0,1,0.7232061762034514,0.3139999379915337,0.2025,n/a,0.2,0.09401680290644869,0.8105167408979824
Q16259390,Darkest Dungeon®,0.9154303985534797,0.84,1.0,1,0.06148182957393483,0.3661721594213919,0.2268,n/a,0.2,0.007992637844611529,0.8009647972660034
Q17154142,Stomping Land,0.4538451798971074,0.0,0.0,1,0.0,0.18153807195884297,0.0,n/a,0.2,0.0,0.0
Q15904573,The LEGO® Movie - Videogame,0.8620592778769174,0.71,1.0,1,0.0,0.344823711150767,0.1917,n/a,0.2,0.0,0.736523711150767
Q7460766,Shadowrun Chronicles - Boston Lockdown,0.5574173365750061,0.61,0.0,1,0.0,0.22296693463000247,0.1647,n/a,0.2,0.0,0.0
Q20030150,XCOM 2,0.8435838128613258,0.88,1.0,1,0.0,0.33743352514453034,0.2376,n/a,0.2,0.0,0.7750335251445304
Q31634732,Hero Siege,0.667576418685944,0.0,0.9,1,0.0,0.2670305674743776,0.0,n/a,0.2,0.0,0.42032751072693986
Q64958460,Tumblestone,0.7557302286249485,0.71,0.0,1,0.0,0.3022920914499794,0.1917,n/a,0.2,0.0,0.0
Q23253765,Offworld Trading Company,0.7579811592472151,0.78,0.9,1,0.0,0.3031924636988861,0.2106,n/a,0.2,0.0,0.6424132173289976
Q6568802,Torment: Tides of Numenera,0.6906587305986648,0.81,1.0,1,0.038086973290907336,0.27626349223946595,0.21870000000000003,n/a,0.2,0.004951306527817954,0.699914798767284
Q66316850,Vertiginous Golf,0.5455911464737825,0.63,0.0,1,0.0,0.21823645858951302,0.1701,n/a,0.2,0.0,0.0
Q16267674,Hotline Miami 2: Wrong Number,0.9403346630490477,0.74,1.0,1,0.0,0.3761338652196191,0.1998,n/a,0.2,0.0,0.775933865219619
Q15725934,Guacamelee! Super Turbo Championship Edition,0.9247533093932899,0.84,1.0,1,0.0,0.369901323757316,0.2268,n/a,0.2,0.0,0.796701323757316
Q15297043,No Man's Sky,0.8479306087822976,0.71,1.0,1,1.0,0.3391722435129191,0.1917,n/a,0.2,0.13,0.8608722435129191
Q20031742,RIVE,0.8119423788986025,0.75,1.0,1,0.0,0.32477695155944103,0.2025,n/a,0.2,0.0,0.727276951559441
Q23647157,The Banner Saga 2,0.886147117203186,0.82,1.0,1,0.0,0.3544588468812744,0.2214,n/a,0.2,0.0,0.7758588468812744
Q16743212,This War of Mine,0.9370706792435227,0.83,1.0,1,0.0,0.3748282716974091,0.2241,n/a,0.2,0.0,0.7989282716974091
Q20054566,Putt-Putt Joins the Parade,0.9087424965854226,0.0,0.0,1,0.0,0.36349699863416907,0.0,n/a,0.2,0.0,0.0
Q18150456,Freddi Fish and the Case of the Missing Kelp Seeds,0.9560653580119399,0.0,1.0,1,0.0,0.38242614320477597,0.0,n/a,0.2,0.0,0.5824261432047759
Q7125284,Pajama Sam in No Need to Hide When It's Dark Outside,0.9653858715738475,0.0,1.0,1,0.0,0.386154348629539,0.0,n/a,0.2,0.0,0.5861543486295391
Q3161366,SPY Fox in: Dry Cereal,0.9361776233951391,0.0,1.0,1,0.0,0.37447104935805564,0.0,n/a,0.2,0.0,0.5744710493580556
Q28126594,Putt-Putt and Pep's Balloon-o-Rama,0.7030819756034554,0.0,0.0,1,0.0,0.2812327902413822,0.0,n/a,0.2,0.0,0.0
Q62725218,Freddi Fish and Luther's Maze Madness,0.7056727244152231,0.0,0.0,1,0.0,0.2822690897660893,0.0,n/a,0.2,0.0,0.0
Q393059,LEGO® The Hobbit™,0.7995777445327212,0.72,0.9,1,0.0,0.3198310978130885,0.19440000000000002,n/a,0.2,0.0,0.6428079880317797
Q20652409,Tabletop Simulator,0.95790240925782,0.0,1.0,1,0.09801270785453563,0.383160963703128,0.0,n/a,0.2,0.012741652021089633,0.5959026157242178
Q7623793,Strike Suit Zero: Director's Cut,0.7511475782239724,0.66,0.0,1,0.03274087932647334,0.30045903128958895,0.17820000000000003,n/a,0.2,0.004256314312441534,0.0
Q24050047,Sid Meier's Civilization VI,0.859305438854048,0.88,1.0,1,0.0,0.3437221755416192,0.2376,n/a,0.2,0.0,0.7813221755416193
Q18215873,ENDLESS Legend™,0.8293261382079397,0.82,1.0,1,0.0,0.3317304552831759,0.2214,n/a,0.2,0.0,0.7531304552831759
Q119952215,TransOcean: The Shipping Company,0.7164532633961813,0.0,0.9,1,0.0,0.28658130535847254,0.0,n/a,0.2,0.0,0.4379231748226253
Q16927602,Armello,0.8124134305199321,0.75,1.0,1,0.0,0.32496537220797284,0.2025,n/a,0.2,0.0,0.7274653722079729
Q18781688,Grey Goo,0.6647016140616238,0.77,1.0,1,0.0,0.2658806456246495,0.20790000000000003,n/a,0.2,0.0,0.6737806456246496
Q2617930,Pillars of Eternity,0.8809535999536195,0.89,1.0,1,0.32537453183520604,0.35238143998144783,0.2403,n/a,0.2,0.04229868913857679,0.8349801291200247
Q4267401,The Witcher 3: Wild Hunt,0.9674258344224401,0.92,0.9,1,0.0,0.38697033376897605,0.24840000000000004,n/a,0.2,0.0,0.7518333003920786
Q3494294,SPY Fox 2: Some Assembly Required,0.8875844389785812,0.0,0.0,1,0.0,0.3550337755914325,0.0,n/a,0.2,0.0,0.0
Q3494295,SPY Fox 3: Operation Ozone,0.8415368680405052,0.0,0.0,1,0.0,0.3366147472162021,0.0,n/a,0.2,0.0,0.0
Q63228470,SPY Fox in: Cheese Chase,0.5173084842745487,0.0,0.0,1,0.0,0.2069233937098195,0.0,n/a,0.2,0.0,0.0
Q63228471,SPY Fox in: Hold the Mustard,0.27027144858027696,0.0,0.0,1,0.0,0.10810857943211079,0.0,n/a,0.2,0.0,0.0
Q3470532,Pajama Sam 2: Thunder And Lightning Aren't So Frightening,0.9603045364152807,0.0,0.0,1,0.0,0.3841218145661123,0.0,n/a,0.2,0.0,0.0
Q3411219,Pajama Sam 3: You Are What You Eat From Your Head To Your Feet,0.9517492413139669,0.0,0.0,1,0.0,0.3806996965255868,0.0,n/a,0.2,0.0,0.0
Q16259023,Pajama Sam 4: Life Is Rough When You Lose Your Stuff!,0.335744724282434,0.0,0.5,1,0.0,0.1342978897129736,0.0,n/a,0.2,0.0,0.1671489448564868
Q124070327,Pajama Sam's Sock Works,0.7857180674970731,0.0,0.0,1,0.0,0.31428722699882927,0.0,n/a,0.2,0.0,0.0
Q63170775,Pajama Sam's Lost & Found,0.37114361988923295,0.0,0.0,1,0.0,0.14845744795569318,0.0,n/a,0.2,0.0,0.0
Q19658430,Freddi Fish 2: The Case of the Haunted Schoolhouse,0.9583601627083297,0.0,0.0,1,0.0,0.3833440650833319,0.0,n/a,0.2,0.0,0.0
Q19658431,Freddi Fish 3: The Case of the Stolen Conch Shell,0.9378271904685666,0.0,0.0,1,0.0,0.37513087618742663,0.0,n/a,0.2,0.0,0.0
Q19752955,Freddi Fish 4: The Case of the Hogfish Rustlers of Briny Gulch,0.931058687695551,0.0,0.0,1,0.0,0.37242347507822043,0.0,n/a,0.2,0.0,0.0
Q19865961,Freddi Fish 5: The Case of the Creature of Coral Cove,0.8769950203723584,0.0,0.0,1,0.0,0.3507980081489434,0.0,n/a,0.2,0.0,0.0
Q62725237,Freddi Fish and Luther's Water Worries,0.46269715977486015,0.0,0.0,1,0.0,0.18507886390994407,0.0,n/a,0.2,0.0,0.0
Q20054565,Putt-Putt Goes to the Moon,0.8959624017196334,0.0,0.0,1,0.0,0.35838496068785336,0.0,n/a,0.2,0.0,0.0
Q22908027,Putt-Putt Saves The Zoo,0.9543313352554295,0.0,1.0,1,0.0,0.3817325341021718,0.0,n/a,0.2,0.0,0.5817325341021717
Q28126683,Putt-Putt Travels Through Time,0.9159805927064782,0.0,0.0,1,0.0,0.36639223708259133,0.0,n/a,0.2,0.0,0.0
Q28126593,Putt-Putt Enters the Race,0.9190663178875389,0.0,0.0,1,0.0,0.3676265271550156,0.0,n/a,0.2,0.0,0.0
Q42851282,Putt-Putt Joins the Circus,0.8396789770994196,0.0,0.0,1,0.0,0.33587159083976786,0.0,n/a,0.2,0.0,0.0
Q62726159,Putt-Putt: Pep's Birthday Surprise,0.44388224357839473,0.0,0.75,1,0.0,0.1775528974313579,0.0,n/a,0.2,0.0,0.28316467307351845
Q62726003,Putt-Putt and Pep's Dog on a Stick,0.6802480275046752,0.0,0.0,1,0.0,0.27209921100187007,0.0,n/a,0.2,0.0,0.0
Q135453323,Putt-Putt and Fatty Bear's Activity Pack,0.7813900995787618,0.0,0.0,1,0.0,0.31255603983150476,0.0,n/a,0.2,0.0,0.0
Q113680190,Shadowrun: Dragonfall - Director's Cut,0.8855580532417038,0.87,1.0,1,0.0,0.35422322129668155,0.23490000000000003,n/a,0.2,0.0,0.7891232212966817
Q4048638,Ryse: Son of Rome,0.8671502790759189,0.6,1.0,1,0.0,0.34686011163036756,0.162,n/a,0.2,0.0,0.7088601116303677
Q19745067,Sunless Sea,0.8229085897318642,0.81,0.9,1,0.097152699284138,0.3291634358927457,0.21870000000000003,n/a,0.2,0.012629850906937941,0.6844439581197154
Q18085691,The Long Dark,0.8883167772867606,0.77,1.0,1,0.018036194668623134,0.35532671091470425,0.20790000000000003,n/a,0.2,0.0023447053069210076,0.7655714162216252
Q16267762,Obduction,0.7851882112614673,0.76,0.9,1,0.13125965144495919,0.31407528450458694,0.20520000000000002,n/a,0.2,0.017063754687844695,0.6627051352731884
Q17007953,LEGO® Batman™ 3: Beyond Gotham,0.877563767288222,0.73,0.9,1,0.0,0.35102550691528883,0.1971,n/a,0.2,0.0,0.67331295622376
Q124070328,Pajama Sam: Games to Play on Any Day,0.7957685574140959,0.0,0.0,1,0.0,0.3183074229656384,0.0,n/a,0.2,0.0,0.0
Q5437996,Fatty Bear's Birthday Surprise,0.9014534722214624,0.0,0.0,1,0.0,0.360581388888585,0.0,n/a,0.2,0.0,0.0
Q19881281,The Flame in the Flood,0.7498111614450002,0.73,1.0,1,0.0,0.2999244645780001,0.1971,n/a,0.2,0.0,0.6970244645780002
Q30643248,StarCrawlers,0.808540614225735,0.0,0.9,1,0.05527280687352926,0.32341624569029404,0.0,n/a,0.2,0.007185464893558803,0.47754153952546746
Q906070,DiRT 3 Complete Edition,0.9095948688532254,0.87,1.0,1,0.003684055408193339,0.3638379475412902,0.23490000000000003,n/a,0.2,0.0004789272030651341,0.7992168747443552
Q22019745,SteamWorld Heist,0.9326982109760366,0.86,1.0,1,0.0,0.37307928439041466,0.23220000000000002,n/a,0.2,0.0,0.8052792843904146
Q20538677,Sword Coast Legends,0.5269059279373265,0.61,1.0,1,0.05328005328005328,0.2107623711749306,0.1647,n/a,0.2,0.006926406926406926,0.5823887781013376
Q89409387,Windward,0.7831584902215182,0.61,1.0,1,0.0,0.3132633960886073,0.1647,n/a,0.2,0.0,0.6779633960886073
Q16962493,Tales from the Borderlands,0.9397413283550307,0.85,1.0,1,0.0,0.3758965313420123,0.2295,n/a,0.2,0.0,0.8053965313420124
Q18150581,Game of Thrones - A Telltale Games Series,0.750062379973944,0.64,1.0,1,0.0,0.3000249519895776,0.1728,n/a,0.2,0.0,0.6728249519895777
Q18754076,ONE PIECE PIRATE WARRIORS 3,0.7732261232861487,0.74,1.0,1,0.0,0.3092904493144595,0.1998,n/a,0.2,0.0,0.7090904493144594
Q19772510,Deus Ex: Mankind Divided™,0.7595451006516212,0.84,0.9,1,0.6549537932516656,0.3038180402606485,0.2268,n/a,0.2,0.08514399312271653,0.7341858300450286
Q18356951,Sentinels of the Multiverse,0.8817891469496228,0.0,1.0,1,0.42098296500920807,0.3527156587798492,0.0,n/a,0.2,0.05472778545119705,0.6074434442310462
Q16259000,Oceanhorn: Monster of Uncharted Seas,0.7798924614690417,0.85,1.0,1,0.0,0.31195698458761667,0.2295,n/a,0.2,0.0,0.7414569845876167
Q19879485,Keep Talking and Nobody Explodes,0.9704798924227844,0.84,1.0,1,0.0,0.3881919569691138,0.2268,n/a,0.2,0.0,0.8149919569691138
Q20031747,ARK: Survival Evolved,0.8324146780558388,0.7,0.9,1,0.3258121898698624,0.33296587122233556,0.189,n/a,0.2,0.04235558468308211,0.6878893103148759
Q18928722,Shadowrun: Hong Kong - Extended Edition,0.8570962731998393,0.81,1.0,1,0.0,0.34283850927993575,0.21870000000000003,n/a,0.2,0.0,0.7615385092799358
Q18920887,LEGO® Jurassic World,0.9202735986011262,0.7,1.0,1,0.0,0.3681094394404505,0.189,n/a,0.2,0.0,0.7571094394404505
Q116774681,Space Run Galaxy,0.608292441297495,0.75,1.0,1,0.0,0.24331697651899803,0.2025,n/a,0.2,0.0,0.645816976518998
Q42324197,Curious Expedition,0.9038254415321177,0.74,0.9,1,0.0,0.36153017661284714,0.1998,n/a,0.2,0.0,0.6851971589515624
Q4980843,Elite Dangerous,0.7710549979908163,0.0,0.9,1,0.10721463889813686,0.30842199919632657,0.0,n/a,0.2,0.013937903056757793,0.4701239120277759
Q19849221,Yooka-Laylee,0.7378810154815985,0.68,1.0,1,0.023623330074942977,0.2951524061926394,0.1836,n/a,0.2,0.0030710329097425873,0.6818234391023819
Q211229,Black Mesa,0.9486854561183575,0.84,0.9,1,0.0,0.37947418244734304,0.2268,n/a,0.2,0.0,0.7256467642026087
Q124067475,Let's Explore The Airport (Junior Field Trips),0.846446856523734,0.0,0.0,1,0.0,0.3385787426094936,0.0,n/a,0.2,0.0,0.0
Q135078147,Let's Explore The Farm (Junior Field Trips),0.8690882244316417,0.0,0.0,1,0.0,0.3476352897726567,0.0,n/a,0.2,0.0,0.0
Q135078156,Let's Explore The Jungle (Junior Field Trips),0.782433758350299,0.0,0.0,1,0.0,0.31297350334011964,0.0,n/a,0.2,0.0,0.0
Q123669866,Holy Potatoes! A Weapon Shop?!,0.695031344443861,0.87,0.0,1,0.0,0.2780125377775444,0.23490000000000003,n/a,0.2,0.0,0.0
Q20712541,Total War: WARHAMMER,0.7814124879693514,0.86,0.75,1,0.0,0.31256499518774056,0.23220000000000002,n/a,0.2,0.0,0.5585737463908055
Q55099390,Poly Bridge,0.9065087645730412,0.73,1.0,1,0.0,0.3626035058292165,0.1971,n/a,0.2,0.0,0.7597035058292165
Q21450467,Kingdom: Classic,0.9027895941756882,0.0,0.9,1,0.0,0.3611158376702753,0.0,n/a,0.2,0.0,0.5050042539032478
Q20049240,NBA 2K16,0.5073068150445439,0.87,1.0,1,0.0,0.20292272601781758,0.23490000000000003,n/a,0.2,0.0,0.6378227260178175
Q20538681,TIS-100,0.9611670904635486,0.0,1.0,1,0.0,0.3844668361854195,0.0,n/a,0.2,0.0,0.5844668361854195
Q92204031,Divinity: Original Sin Enhanced Edition,0.8902699540886888,0.88,1.0,1,0.0,0.3561079816354755,0.2376,n/a,0.2,0.0,0.7937079816354755
Q20112508,DARK SOULS™ III,0.9427132076749124,0.89,1.0,1,0.0,0.37708528306996497,0.2403,n/a,0.2,0.0,0.817385283069965
Q21427534,Human Resource Machine,0.9315491795278866,0.78,0.75,1,0.15039142974866088,0.3726196718111547,0.2106,n/a,0.2,0.019550885867325913,0.6020779182588604
Q13501195,WildStar,0.7412772954098353,0.82,0.0,1,0.0,0.29651091816393416,0.2214,n/a,0.2,0.0,0.0
Q73917012,Big Thinkers Kindergarten,0.7659688971390856,0.0,0.0,1,0.0,0.30638755885563423,0.0,n/a,0.2,0.0,0.0
Q124063501,Big Thinkers 1st Grade,0.7898683447569094,0.0,0.0,1,0.0,0.31594733790276375,0.0,n/a,0.2,0.0,0.0
Q10493813,Fallout 4,0.8105682355688106,0.87,1.0,1,1.0,0.3242272942275243,0.23490000000000003,n/a,0.2,0.13,0.8891272942275242
Q20899382,ABZÛ,0.9261352495903326,0.78,1.0,1,0.5238095238095238,0.37045409983613303,0.2106,n/a,0.2,0.0680952380952381,0.8491493379313712
Q92203646,Ori and the Blind Forest: Definitive Edition,0.9494324969724848,0.88,1.0,1,0.8237885462555066,0.37977299878899395,0.2376,n/a,0.2,0.10709251101321586,0.9244655098022098
Q22905714,Layers of Fear (2016),0.8803740348074468,0.75,0.9,1,0.0,0.3521496139229787,0.2025,n/a,0.2,0.0,0.6791846525306809
Q20189954,Battleborn,0.6174343795582714,0.68,0.0,1,0.0,0.24697375182330858,0.1836,n/a,0.2,0.0,0.0
Q32020202,EVERSPACE™,0.7753370259798598,0.79,1.0,1,0.09884991920920065,0.3101348103919439,0.21330000000000002,n/a,0.2,0.012850489497196084,0.73628529988914
-1,Magicka 2: Spell Balance Beta,0.0,0.0,1.0,1,0.0,0.0,0.0,n/a,0.2,0.0,0.2
Q21000861,Okhlos: Omega,0.735940034993442,0.69,0.0,1,0.0,0.2943760139973768,0.1863,n/a,0.2,0.0,0.0
Q74250080,Burly Men at Sea,0.5856798321459142,0.72,1.0,1,0.0,0.2342719328583657,0.19440000000000002,n/a,0.2,0.0,0.6286719328583656
Q20095751,Dishonored 2,0.8939362505203433,0.88,1.0,1,0.23882783882783884,0.35757450020813736,0.2376,n/a,0.2,0.03104761904761905,0.8262221192557565
Q89181739,Endless Sky,0.9162259086708717,0.0,1.0,1,0.2994408899648395,0.36649036346834873,0.0,n/a,0.2,0.038927315695429135,0.6054176791637779
Q1633410,Wasteland 2: Director's Cut,0.8167601683186041,0.8,0.9,1,0.009580032106053545,0.32670406732744167,0.21600000000000003,n/a,0.2,0.0012454041737869608,0.6695545243511057
Q18920891,LEGO® MARVEL's Avengers,0.8759683960599572,0.71,1.0,1,0.0,0.35038735842398294,0.1917,n/a,0.2,0.0,0.7420873584239829
Q120717463,ARK: Survival Of The Fittest,0.6534476211974681,0.0,0.5,1,0.0,0.26137904847898724,0.0,n/a,0.2,0.0,0.23068952423949363
Q23013817,Stardew Valley,0.9845272899732266,0.89,1.0,1,0.5204153467089053,0.39381091598929063,0.2403,n/a,0.2,0.06765399507215769,0.9017649110614483
Q26791591,Project Highrise,0.8383542533991285,0.73,1.0,1,0.0,0.3353417013596514,0.1971,n/a,0.2,0.0,0.7324417013596514
Q16972008,Factorio,0.974454222812565,0.9,1.0,1,0.6488893696812347,0.38978168912502603,0.24300000000000002,n/a,0.2,0.08435561805856051,0.9171373071835867
Q92203837,Divinity: Original Sin 2,0.9559092609191353,0.92,1.0,1,0.0,0.38236370436765416,0.24840000000000004,n/a,0.2,0.0,0.8307637043676541
Q22570384,LEGO® STAR WARS™: The Force Awakens,0.8261658651784126,0.78,1.0,1,0.0,0.33046634607136505,0.2106,n/a,0.2,0.0,0.7410663460713651
Q77099251,Darksiders Warmastered Edition,0.8743978329003043,0.77,0.9,1,0.0,0.34975913316012175,0.20790000000000003,n/a,0.2,0.0,0.6818932198441096
Q116302566,Super Dungeon Tactics,0.7034411367038268,0.0,0.0,1,0.0,0.2813764546815307,0.0,n/a,0.2,0.0,0.0
Q30639185,Surviving Mars,0.7971568663588378,0.76,1.0,1,0.0,0.31886274654353514,0.20520000000000002,n/a,0.2,0.0,0.7240627465435352
Q26963091,Event[0],0.7868681455364555,0.75,1.0,1,0.0,0.3147472582145822,0.2025,n/a,0.2,0.0,0.7172472582145821
Q55536877,Slime-san,0.800599279841604,0.82,0.9,1,0.0,0.3202397119366416,0.2214,n/a,0.2,0.0,0.6674757407429774
Q118905576,Titan Quest Anniversary Edition,0.9003657646782725,0.0,1.0,1,0.0,0.360146305871309,0.0,n/a,0.2,0.0,0.560146305871309
Q112169533,Pathfinder Adventures,0.6114737690562456,0.0,0.75,1,0.0,0.24458950762249826,0.0,n/a,0.2,0.0,0.3334421307168737
Q39052714,The Banner Saga 3,0.7775799258341836,0.82,0.9,1,0.0,0.31103197033367347,0.2214,n/a,0.2,0.0,0.6591887733003061
Q16742875,RiME,0.8938493654226181,0.8,1.0,1,0.0,0.35753974616904727,0.21600000000000003,n/a,0.2,0.0,0.7735397461690472
Q124068110,Morphblade,0.8900588098795785,0.0,1.0,1,0.0,0.35602352395183146,0.0,n/a,0.2,0.0,0.5560235239518314
Q64210887,Kingdom: New Lands,0.8493073867003877,0.74,1.0,1,0.0,0.3397229546801551,0.1998,n/a,0.2,0.0,0.7395229546801552
Q27890357,SHENZHEN I/O,0.9419123322381494,0.0,1.0,1,0.0004008337341670675,0.3767649328952598,0.0,n/a,0.2,5.2108385441718774e-05,0.5768170412807014
Q55381983,Totally Accurate Battle Simulator,0.9774142707062411,0.0,1.0,1,0.15482128013300084,0.39096570828249644,0.0,n/a,0.2,0.02012676641729011,0.6110924746997866
Q114924453,Flat Heroes,0.8732519783882414,0.82,0.0,1,0.0,0.34930079135529657,0.2214,n/a,0.2,0.0,0.0
Q29964519,theHunter: Call of the Wild™,0.8895357738168638,0.64,0.9,1,0.1917917917917918,0.35581430952674553,0.1728,n/a,0.2,0.024932932932932934,0.6781925182137106
Q31627063,For The King,0.875032689759297,0.79,1.0,1,0.4299990391082925,0.35001307590371883,0.21330000000000002,n/a,0.2,0.05589987508407803,0.8192129509877968
Q104640897,SYNTHETIK,0.9349549205144896,0.0,1.0,1,0.0,0.3739819682057959,0.0,n/a,0.2,0.0,0.5739819682057958
Q47486997,Bomber Crew,0.8714158015790517,0.75,1.0,1,0.0,0.34856632063162074,0.2025,n/a,0.2,0.0,0.7510663206316208
Q106336034,Husk,0.4247762180689479,0.44,0.9,1,0.0,0.16991048722757918,0.1188,n/a,0.2,0.0,0.43983943850482127
Q114772211,Mysterium,0.7225573864225258,0.0,0.9,1,0.0,0.28902295456901034,0.0,n/a,0.2,0.0,0.44012065911210935
Q55078485,My Friend Pedro,0.9531610715394387,0.78,1.0,1,0.0,0.38126442861577553,0.2106,n/a,0.2,0.0,0.7918644286157754
Q60559650,Serious Sam Fusion 2017 (beta),0.9203899028389935,0.0,1.0,1,0.0,0.3681559611355974,0.0,n/a,0.2,0.0,0.5681559611355974
Q59535090,The Outer Worlds,0.8196224068962091,0.85,1.0,1,0.04254254254254254,0.3278489627584837,0.2295,n/a,0.2,0.005530530530530531,0.7628794932890143
Q30252256,Monster Hunter: World,0.8867377820321642,0.9,1.0,1,0.1434763762462072,0.3546951128128657,0.24300000000000002,n/a,0.2,0.018651928912006937,0.8163470417248727
Q76761865,Blazing Beaks,0.8164999745138298,0.8,1.0,1,0.0,0.32659998980553195,0.21600000000000003,n/a,0.2,0.0,0.742599989805532
Q29564250,Sunless Skies,0.8296307479869145,0.87,0.9,1,0.0,0.33185229919476583,0.23490000000000003,n/a,0.2,0.0,0.6900770692752893
Q116678099,Naev,0.7487618307011347,0.0,0.0,1,0.0,0.2995047322804539,0.0,n/a,0.2,0.0,0.0
Q110682579,Carcassonne: The Official Board Game,0.8252537105922304,0.63,1.0,1,0.0,0.3301014842368922,0.1701,n/a,0.2,0.0,0.7002014842368922
Q56278431,Graveyard Keeper,0.8515361362123195,0.69,1.0,1,0.0,0.34061445448492783,0.1863,n/a,0.2,0.0,0.7269144544849278
Q30612124,Minit,0.8812118436218621,0.81,1.0,1,0.0,0.35248473744874487,0.21870000000000003,n/a,0.2,0.0,0.7711847374487448
Q110668476,while True: learn(),0.9068443358534869,0.0,1.0,1,0.0,0.3627377343413948,0.0,n/a,0.2,0.0,0.5627377343413948
Q41573632,The LEGO® NINJAGO® Movie Video Game,0.8434392996304755,0.67,1.0,1,0.0,0.3373757198521902,0.18090000000000003,n/a,0.2,0.0,0.7182757198521903
Q39059386,Pathfinder: Kingmaker,0.7720448389856914,0.73,1.0,1,0.12956419316843346,0.3088179355942766,0.1971,n/a,0.2,0.01684334511189635,0.722761280706173
Q112324775,D&D Lords of Waterdeep,0.9231719681469149,0.0,1.0,1,0.0,0.369268787258766,0.0,n/a,0.2,0.0,0.5692687872587661
Q29959076,LEGO® MARVEL Super Heroes 2,0.8502726759589097,0.73,1.0,1,0.0,0.34010907038356386,0.1971,n/a,0.2,0.0,0.7372090703835639
Q61479296,Heroes of Hammerwatch,0.8678912478183358,0.0,1.0,1,0.14861751152073735,0.3471564991273344,0.0,n/a,0.2,0.019320276497695858,0.5664767756250302
Q56049745,EXAPUNKS,0.9371264232401034,0.0,1.0,1,0.0,0.3748505692960414,0.0,n/a,0.2,0.0,0.5748505692960414
Q106564028,Scythe: Digital Edition,0.8840609688610772,0.0,0.9,1,0.032362459546925564,0.35362438754443093,0.0,n/a,0.2,0.004207119741100323,0.5020483565569781
Q27943180,Wasteland 3,0.8415986433515967,0.85,1.0,1,0.03900208459417658,0.3366394573406387,0.2295,n/a,0.2,0.005070270997242956,0.7712097283378818
Q62714274,Borderlands GOTY Enhanced,0.8046769647603385,0.84,0.9,1,0.0,0.3218707859041354,0.2268,n/a,0.2,0.0,0.673803707313722
Q68198904,Breathedge,0.8145341963093242,0.71,0.9,1,0.0,0.3258136785237297,0.1917,n/a,0.2,0.0,0.6457623106713568
Q106727443,Dungreed,0.9280879629420514,0.0,1.0,1,0.0,0.3712351851768206,0.0,n/a,0.2,0.0,0.5712351851768206
Q105582867,Firmament,0.696987467507965,0.68,0.75,1,0.0,0.278794987003186,0.1836,n/a,0.2,0.0,0.4967962402523895
Q108671491,Gloomhaven,0.8157910713441843,0.82,1.0,1,0.022150341044933547,0.32631642853767373,0.2214,n/a,0.2,0.002879544335841361,0.7505959728735152
Q56120553,7 Billion Humans,0.9242551986980946,0.77,1.0,1,0.0,0.36970207947923783,0.20790000000000003,n/a,0.2,0.0,0.7776020794792378
Q51089453,LEGO® The Incredibles,0.8874136697832099,0.69,1.0,1,0.0,0.354965467913284,0.1863,n/a,0.2,0.0,0.741265467913284
Q54554238,LEGO® DC Super-Villains,0.905768143353101,0.74,1.0,1,0.0,0.3623072573412404,0.1998,n/a,0.2,0.0,0.7621072573412404
Q3294300,Mark of the Ninja: Remastered,0.9673639184922094,0.9,1.0,1,0.03362927091740651,0.3869455673968838,0.24300000000000002,n/a,0.2,0.004371805219262846,0.8343173726161467
Q60220853,The LEGO® Movie 2 - Videogame,0.5915619468027975,0.57,1.0,1,0.0,0.236624778721119,0.1539,n/a,0.2,0.0,0.590524778721119
Q64521118,LEGO® Star Wars™: The Skywalker Saga,0.8987810379348748,0.82,1.0,1,0.0,0.35951241517394994,0.2214,n/a,0.2,0.0,0.7809124151739499
Q86994484,Astrox Imperium,0.823404644340057,0.0,1.0,1,0.0,0.32936185773602283,0.0,n/a,0.2,0.0,0.5293618577360228
Q65555252,Bloons TD 6,0.9714584587846594,0.0,1.0,1,0.04671365349942633,0.3885833835138638,0.0,n/a,0.2,0.006072774954925423,0.5946561584687893
Q62393383,Journey To The Savage Planet,0.8596096528834685,0.74,1.0,1,0.0,0.3438438611533874,0.1998,n/a,0.2,0.0,0.7436438611533873
Q99590361,Mafia II: Definitive Edition,0.7345265063992218,0.72,1.0,1,0.0,0.2938106025596887,0.19440000000000002,n/a,0.2,0.0,0.6882106025596888
Q125537017,Kingdoms of Amalur: Re-Reckoning,0.7626645951681803,0.72,1.0,1,0.34591194968553457,0.30506583806727217,0.19440000000000002,n/a,0.2,0.044968553459119494,0.7444343915263918
Q62393510,Trover Saves the Universe,0.8961463601378912,0.76,1.0,1,0.0,0.3584585440551565,0.20520000000000002,n/a,0.2,0.0,0.7636585440551564
Q109274215,Aeon's End,0.784858917109654,0.0,1.0,1,0.6509298998569384,0.31394356684386165,0.0,n/a,0.2,0.084620886981402,0.5985644538252637
Q64441774,Baldur's Gate 3,0.9676091054528737,0.96,1.0,1,0.49128390389357185,0.3870436421811495,0.2592,n/a,0.2,0.06386690750616435,0.9101105496873138
Q114945494,Dungeon Defenders: Awakened,0.6470736962462779,0.74,0.9,1,0.24898068310941782,0.2588294784985112,0.1998,n/a,0.2,0.03236748880422432,0.621897270572462
Q105427208,Total War: WARHAMMER III,0.7034646849730788,0.86,0.9,1,0.0,0.28138587398923154,0.23220000000000002,n/a,0.2,0.0,0.6422272865903085
Q120833356,Learning Factory,0.8278953011667107,0.0,0.0,1,0.0,0.3311581204666843,0.0,n/a,0.2,0.0,0.0
Q20155528,Horizon Zero Dawn™ Complete Edition,0.877826557256964,0.84,0.9,1,0.0,0.3511306229027856,0.2268,n/a,0.2,0.0,0.7001375606125071
Q98646477,Hardspace: Shipbreaker,0.8891830283535062,0.83,1.0,1,0.0,0.3556732113414025,0.2241,n/a,0.2,0.0,0.7797732113414024
Q107038226,Tainted Grail,0.8935161263520539,0.82,0.9,1,0.018198896324997067,0.3574064505408216,0.2214,n/a,0.2,0.002365856522249619,0.7030550763567641
Q4037583,Dragon Age™ Inquisition,0.7510879833078068,0.85,0.9,1,1.0,0.30043519332312274,0.2295,n/a,0.2,0.13,0.7739416739908106
Q20113552,Mass Effect™: Andromeda Deluxe Edition,0.7326265698818664,0.71,0.9,1,0.0,0.29305062795274656,0.1917,n/a,0.2,0.0,0.6162755651574721
Q99448884,Monster Hunter Stories 2: Wings of Ruin,0.8204034062968781,0.81,1.0,1,0.0,0.3281613625187513,0.21870000000000003,n/a,0.2,0.0,0.7468613625187512
Q104529092,Alba: A Wildlife Adventure,0.9745925171871292,0.79,1.0,1,0.034722222222222224,0.38983700687485173,0.21330000000000002,n/a,0.2,0.004513888888888889,0.8076508957637407
Q122387140,hexceed,0.8858230991513039,0.0,1.0,1,0.049440979830327546,0.35432923966052154,0.0,n/a,0.2,0.006427327377942581,0.5607565670384641
Q122825758,Tainted Grail: The Fall of Avalon,0.876641736398473,0.0,1.0,1,0.0,0.3506566945593892,0.0,n/a,0.2,0.0,0.5506566945593891
Q115413361,Minit Fun Racer,0.9329118668319563,0.0,0.9,1,0.0,0.37316474673278255,0.0,n/a,0.2,0.0,0.5158482720595042
Q112566540,High On Life,0.8865919819192518,0.67,1.0,1,0.0,0.35463679276770077,0.18090000000000003,n/a,0.2,0.0,0.7355367927677008
Q116680138,HITMAN World of Assassination,0.8684478119031924,0.0,0.9,1,0.0,0.34737912476127697,0.0,n/a,0.2,0.0,0.49264121228514923
Q115024151,The Entropy Centre,0.8841281590912963,0.8,0.9,1,0.0,0.35365126363651855,0.21600000000000003,n/a,0.2,0.0,0.6926861372728667
Q117316999,The Outer Worlds: Spacer's Choice Edition,0.7515122807323931,0.72,1.0,1,0.0,0.30060491229295727,0.19440000000000002,n/a,0.2,0.0,0.6950049122929574
Q26157961,Monster Hunter Stories,0.8926680148155307,0.76,0.9,1,0.03132961509330028,0.3570672059262123,0.20520000000000002,n/a,0.2,0.004072849962129037,0.6897060502995073
Q725057,Mass Effect 2 (2010) Edition,0.937051540565018,0.96,0.9,1,1.0,0.37482061622600726,0.2592,n/a,0.2,0.13,0.8676185546034066
Q44462,Animal Crossing: New Leaf,n/a,0.88,n/a,1,0.0,n/a,0.5015999999999999,n/a,0.43,n/a,0.9316
Q18536859,The Legend of Zelda: Majora's Mask 3D,n/a,0.89,n/a,1,0.0,n/a,0.5073,n/a,0.43,n/a,0.9373
Q642526,The Legend of Zelda: Ocarina of Time 3D,n/a,0.94,n/a,1,0.0,n/a,0.5357999999999999,n/a,0.43,n/a,0.9658
Q30897883,Monster Hunter 4 Ultimate,n/a,0.86,n/a,1,0.0,n/a,0.49019999999999997,n/a,0.43,n/a,0.9201999999999999
Q20856979,Monster Hunter Generations,n/a,0.85,n/a,1,0.0,n/a,0.48449999999999993,n/a,0.43,n/a,0.9144999999999999
Q30302563,Monster Hunter Generations Ultimate,n/a,0.8,n/a,1,0.0,n/a,0.45599999999999996,n/a,0.43,n/a,0.8859999999999999
Q558621,New Super Mario Bros. 2,n/a,0.78,n/a,1,0.0,n/a,0.4446,n/a,0.43,n/a,0.8746
Q50276798,Pokémon Alpha Sapphire,n/a,0.82,n/a,1,0.0,n/a,0.4673999999999999,n/a,0.43,n/a,0.8974
Q50276847,Pokémon Omega Ruby,n/a,0.83,n/a,1,0.0,n/a,0.4730999999999999,n/a,0.43,n/a,0.9030999999999999
Q50276547,Pokémon X,n/a,0.87,n/a,1,0.0,n/a,0.49589999999999995,n/a,0.43,n/a,0.9259
Q50276557,Pokémon Y,n/a,0.88,n/a,1,0.0,n/a,0.5015999999999999,n/a,0.43,n/a,0.9316
Q46049528,Pokémon Ultra Sun,n/a,0.84,n/a,1,0.0,n/a,0.47879999999999995,n/a,0.43,n/a,0.9087999999999999
Q46373684,Pokémon Ultra Moon,n/a,0.84,n/a,1,0.0,n/a,0.47879999999999995,n/a,0.43,n/a,0.9087999999999999
Q130720338,Fire Emblem Fates: Special Edition,n/a,0.0,n/a,1,0.0,n/a,0.0,n/a,0.43,n/a,0.43
Q18762399,Fire Emblem Fates,n/a,0.87,n/a,1,0.0,n/a,0.49589999999999995,n/a,0.43,n/a,0.9259
Q123254896,Fire Emblem Fates: Revelation,n/a,0.88,n/a,1,0.0,n/a,0.5015999999999999,n/a,0.43,n/a,0.9316
Q121037531,Fire Emblem Fates: Birthright,n/a,0.86,n/a,1,0.0,n/a,0.49019999999999997,n/a,0.43,n/a,0.9201999999999999
Q121037544,Fire Emblem Fates: Conquest,n/a,0.87,n/a,1,0.0,n/a,0.49589999999999995,n/a,0.43,n/a,0.9259
Q11300470,The Legend of Zelda: A Link Between Worlds,n/a,0.91,n/a,1,0.0,n/a,0.5186999999999999,n/a,0.43,n/a,0.9486999999999999
Q3072790,Fire Emblem Awakening,n/a,0.92,n/a,1,0.0,n/a,0.5244,n/a,0.43,n/a,0.9543999999999999
Q168615,1080° Snowboarding,n/a,0.0,n/a,1,0.0,n/a,0.0,n/a,0.43,n/a,0.43
Q54297,Star Wars: Rogue Squadron,n/a,0.85,n/a,1,0.0,n/a,0.48449999999999993,n/a,0.43,n/a,0.9144999999999999
Q55217,Star Wars Episode I: Racer,n/a,0.7,n/a,1,0.0,n/a,0.39899999999999997,n/a,0.43,n/a,0.829
Q216995,Super Mario 64,n/a,0.0,n/a,1,0.0,n/a,0.0,n/a,0.43,n/a,0.43
Q1132456,Kirby Super Star Ultra,n/a,0.76,n/a,1,0.0,n/a,0.4332,n/a,0.43,n/a,0.8632
Q301555,New Super Mario Bros.,n/a,0.89,n/a,1,0.0,n/a,0.5073,n/a,0.43,n/a,0.9373
Q507828,Chrono Trigger,n/a,0.0,n/a,1,0.0,n/a,0.0,n/a,0.43,n/a,0.43
Q2045645,Pokémon Emerald,n/a,0.76,n/a,1,0.0,n/a,0.4332,n/a,0.43,n/a,0.8632
Q1765733,Metroid Prime,n/a,0.97,n/a,1,0.0,n/a,0.5529,n/a,0.43,n/a,0.9828999999999999
Q2089035,Metroid Prime 2: Echoes,n/a,0.92,n/a,1,0.0,n/a,0.5244,n/a,0.43,n/a,0.9543999999999999
Q639955,Super Mario Sunshine,n/a,0.92,n/a,1,0.0,n/a,0.5244,n/a,0.43,n/a,0.9543999999999999
Q861205,The Legend of Zelda: Skyward Sword,n/a,0.93,n/a,1,0.0,n/a,0.5301,n/a,0.43,n/a,0.9601
Q170489,Super Mario Galaxy,n/a,0.97,n/a,1,0.0,n/a,0.5529,n/a,0.43,n/a,0.9828999999999999
Q854487,Super Mario Galaxy 2,n/a,0.97,n/a,1,0.0,n/a,0.5529,n/a,0.43,n/a,0.9828999999999999
Q13427106,Mario Kart 8,n/a,0.88,n/a,1,0.0,n/a,0.5015999999999999,n/a,0.43,n/a,0.9316
Q17157041,Captain Toad: Treasure Tracker,n/a,0.81,n/a,1,0.0,n/a,0.4617,n/a,0.43,n/a,0.8916999999999999
Q1506526,New Super Mario Bros. U,n/a,0.84,n/a,1,0.0,n/a,0.47879999999999995,n/a,0.43,n/a,0.9087999999999999
Q14900378,The Legend of Zelda: The Wind Waker HD,n/a,0.9,n/a,1,0.0,n/a,0.513,n/a,0.43,n/a,0.9430000000000001
Q23008476,The Legend of Zelda: Twilight Princess HD,n/a,0.86,n/a,1,0.0,n/a,0.49019999999999997,n/a,0.43,n/a,0.9201999999999999
Q1050298,Super Mario 3D Land,n/a,0.9,n/a,1,0.0,n/a,0.513,n/a,0.43,n/a,0.9430000000000001
Q2539933,Metroid Prime: Trilogy,n/a,0.91,n/a,1,0.0,n/a,0.5186999999999999,n/a,0.43,n/a,0.9486999999999999
Q1987193,Metroid Prime 3: Corruption,n/a,0.9,n/a,1,0.0,n/a,0.513,n/a,0.43,n/a,0.9430000000000001
Q917588,Prince of Persia: The Forgotten Sands,n/a,0.74,n/a,1,0.0,n/a,0.42179999999999995,n/a,0.43,n/a,0.8517999999999999
Q99543224,Prince of Persia Trilogy,n/a,0.81,n/a,1,0.0,n/a,0.4617,n/a,0.43,n/a,0.8916999999999999
Q846051,Shadow of the Colossus,n/a,0.91,n/a,1,0.0,n/a,0.5186999999999999,n/a,0.43,n/a,0.9486999999999999
